now_time,predict_time,id,lon,lat,10FG6
2017-01-01 20:00:00,2017-01-09 08:00:00,F2286,118.131,24.269,13.407639224469015
2017-01-02 20:00:00,2017-01-10 08:00:00,F2286,118.131,24.269,16.034520740232818
2017-01-03 20:00:00,2017-01-11 08:00:00,F2286,118.131,24.269,17.035570391384347
2017-01-04 20:00:00,2017-01-12 08:00:00,F2286,118.131,24.269,14.876793002029679
2017-01-05 20:00:00,2017-01-13 08:00:00,F2286,118.131,24.269,12.35635247741111
2017-01-06 20:00:00,2017-01-14 08:00:00,F2286,118.131,24.269,16.492240464326322
2017-01-07 20:00:00,2017-01-15 08:00:00,F2286,118.131,24.269,17.434032748931653
2017-01-08 20:00:00,2017-01-16 08:00:00,F2286,118.131,24.269,16.345554765741323
2017-01-09 20:00:00,2017-01-17 08:00:00,F2286,118.131,24.269,15.561804266288311
2017-01-10 20:00:00,2017-01-18 08:00:00,F2286,118.131,24.269,16.555804111633293
2017-01-11 20:00:00,2017-01-19 08:00:00,F2286,118.131,24.269,10.921293138191146
2017-01-12 20:00:00,2017-01-20 08:00:00,F2286,118.131,24.269,16.104230655042155
2017-01-13 20:00:00,2017-01-21 08:00:00,F2286,118.131,24.269,17.55453482683553
2017-01-14 20:00:00,2017-01-22 08:00:00,F2286,118.131,24.269,11.655330115399153
2017-01-15 20:00:00,2017-01-23 08:00:00,F2286,118.131,24.269,19.03332013291033
2017-01-16 20:00:00,2017-01-24 08:00:00,F2286,118.131,24.269,14.976941550212171
2017-01-17 20:00:00,2017-01-25 08:00:00,F2286,118.131,24.269,14.069263384877605
2017-01-18 20:00:00,2017-01-26 08:00:00,F2286,118.131,24.269,13.101649538130848
2017-01-19 20:00:00,2017-01-27 08:00:00,F2286,118.131,24.269,13.481812906707326
2017-01-20 20:00:00,2017-01-28 08:00:00,F2286,118.131,24.269,11.911797303367115
2017-01-21 20:00:00,2017-01-29 08:00:00,F2286,118.131,24.269,7.008288090772855
2017-01-22 20:00:00,2017-01-30 08:00:00,F2286,118.131,24.269,18.887396597999466
2017-01-23 20:00:00,2017-01-31 08:00:00,F2286,118.131,24.269,13.870531802761604
2017-01-24 20:00:00,2017-02-01 08:00:00,F2286,118.131,24.269,15.529182877684988
2017-01-25 20:00:00,2017-02-02 08:00:00,F2286,118.131,24.269,19.063662173802648
2017-01-26 20:00:00,2017-02-03 08:00:00,F2286,118.131,24.269,16.42276003097235
2017-01-27 20:00:00,2017-02-04 08:00:00,F2286,118.131,24.269,5.079606261199634
2017-01-28 20:00:00,2017-02-05 08:00:00,F2286,118.131,24.269,9.06934717029634
2017-01-29 20:00:00,2017-02-06 08:00:00,F2286,118.131,24.269,17.033133960787264
2017-01-30 20:00:00,2017-02-07 08:00:00,F2286,118.131,24.269,11.683098536686366
2017-01-31 20:00:00,2017-02-08 08:00:00,F2286,118.131,24.269,4.791723478699885
2017-02-01 20:00:00,2017-02-09 08:00:00,F2286,118.131,24.269,14.633176726094892
2017-02-02 20:00:00,2017-02-10 08:00:00,F2286,118.131,24.269,16.066753546890638
2017-02-03 20:00:00,2017-02-11 08:00:00,F2286,118.131,24.269,17.0708002548466
2017-02-04 20:00:00,2017-02-12 08:00:00,F2286,118.131,24.269,16.703458548203777
2017-02-05 20:00:00,2017-02-13 08:00:00,F2286,118.131,24.269,17.19593615004653
2017-02-06 20:00:00,2017-02-14 08:00:00,F2286,118.131,24.269,14.785186181729696
2017-02-07 20:00:00,2017-02-15 08:00:00,F2286,118.131,24.269,11.697960500875526
2017-02-08 20:00:00,2017-02-16 08:00:00,F2286,118.131,24.269,5.797612488263898
2017-02-09 20:00:00,2017-02-17 08:00:00,F2286,118.131,24.269,5.647269488547339
2017-02-10 20:00:00,2017-02-18 08:00:00,F2286,118.131,24.269,14.071409050570786
2017-02-11 20:00:00,2017-02-19 08:00:00,F2286,118.131,24.269,14.745893791988905
2017-02-12 20:00:00,2017-02-20 08:00:00,F2286,118.131,24.269,7.187829351138957
2017-02-13 20:00:00,2017-02-21 08:00:00,F2286,118.131,24.269,13.657067844004915
2017-02-14 20:00:00,2017-02-22 08:00:00,F2286,118.131,24.269,9.2607132255663
2017-02-15 20:00:00,2017-02-23 08:00:00,F2286,118.131,24.269,15.607133418660785
2017-02-16 20:00:00,2017-02-24 08:00:00,F2286,118.131,24.269,14.972837712015915
2017-02-17 20:00:00,2017-02-25 08:00:00,F2286,118.131,24.269,14.30455654512028
2017-02-18 20:00:00,2017-02-26 08:00:00,F2286,118.131,24.269,11.156727595720833
2017-02-19 20:00:00,2017-02-27 08:00:00,F2286,118.131,24.269,18.670120185181545
2017-02-20 20:00:00,2017-02-28 08:00:00,F2286,118.131,24.269,11.216658090407224
2017-02-21 20:00:00,2017-03-01 08:00:00,F2286,118.131,24.269,8.300130703434375
2017-02-22 20:00:00,2017-03-02 08:00:00,F2286,118.131,24.269,16.503122164228607
2017-02-23 20:00:00,2017-03-03 08:00:00,F2286,118.131,24.269,12.425899480788136
2017-02-24 20:00:00,2017-03-04 08:00:00,F2286,118.131,24.269,9.45792786343164
2017-02-25 20:00:00,2017-03-05 08:00:00,F2286,118.131,24.269,5.002092620587632
2017-02-26 20:00:00,2017-03-06 08:00:00,F2286,118.131,24.269,10.192540210125586
2017-02-27 20:00:00,2017-03-07 08:00:00,F2286,118.131,24.269,13.928092733257813
2017-02-28 20:00:00,2017-03-08 08:00:00,F2286,118.131,24.269,11.514373855719946
2017-03-01 20:00:00,2017-03-09 08:00:00,F2286,118.131,24.269,11.599285884388587
2017-03-02 20:00:00,2017-03-10 08:00:00,F2286,118.131,24.269,12.691755510772314
2017-03-03 20:00:00,2017-03-11 08:00:00,F2286,118.131,24.269,5.542704957440463
2017-03-04 20:00:00,2017-03-12 08:00:00,F2286,118.131,24.269,5.499563508079175
2017-03-05 20:00:00,2017-03-13 08:00:00,F2286,118.131,24.269,12.797348481045072
2017-03-06 20:00:00,2017-03-14 08:00:00,F2286,118.131,24.269,12.388780955979893
2017-03-07 20:00:00,2017-03-15 08:00:00,F2286,118.131,24.269,14.710849653108067
2017-03-08 20:00:00,2017-03-16 08:00:00,F2286,118.131,24.269,10.256262716453634
2017-03-09 20:00:00,2017-03-17 08:00:00,F2286,118.131,24.269,10.673464645094443
2017-03-10 20:00:00,2017-03-18 08:00:00,F2286,118.131,24.269,8.829855675058225
2017-03-11 20:00:00,2017-03-19 08:00:00,F2286,118.131,24.269,15.01952510411823
2017-03-12 20:00:00,2017-03-20 08:00:00,F2286,118.131,24.269,9.067620800023619
2017-03-13 20:00:00,2017-03-21 08:00:00,F2286,118.131,24.269,10.284694211051026
2017-03-14 20:00:00,2017-03-22 08:00:00,F2286,118.131,24.269,15.238485105613822
2017-03-15 20:00:00,2017-03-23 08:00:00,F2286,118.131,24.269,14.863068886128607
2017-03-16 20:00:00,2017-03-24 08:00:00,F2286,118.131,24.269,10.753695958589704
2017-03-17 20:00:00,2017-03-25 08:00:00,F2286,118.131,24.269,15.211486834453973
2017-03-18 20:00:00,2017-03-26 08:00:00,F2286,118.131,24.269,15.974782934731884
2017-03-19 20:00:00,2017-03-27 08:00:00,F2286,118.131,24.269,12.80330079869344
2017-03-20 20:00:00,2017-03-28 08:00:00,F2286,118.131,24.269,12.568552610540511
2017-03-21 20:00:00,2017-03-29 08:00:00,F2286,118.131,24.269,6.328061034518421
2017-03-22 20:00:00,2017-03-30 08:00:00,F2286,118.131,24.269,5.805178626082635
2017-03-23 20:00:00,2017-03-31 08:00:00,F2286,118.131,24.269,18.36720543061861
2017-03-24 20:00:00,2017-04-01 08:00:00,F2286,118.131,24.269,17.799188056842663
2017-03-25 20:00:00,2017-04-02 08:00:00,F2286,118.131,24.269,16.164129265013067
2017-03-26 20:00:00,2017-04-03 08:00:00,F2286,118.131,24.269,10.808955109877033
2017-03-27 20:00:00,2017-04-04 08:00:00,F2286,118.131,24.269,9.027399807011284
2017-03-28 20:00:00,2017-04-05 08:00:00,F2286,118.131,24.269,5.1068934412006985
2017-03-29 20:00:00,2017-04-06 08:00:00,F2286,118.131,24.269,4.453839715544392
2017-03-30 20:00:00,2017-04-07 08:00:00,F2286,118.131,24.269,8.444820390718785
2017-03-31 20:00:00,2017-04-08 08:00:00,F2286,118.131,24.269,9.688140138233859
2017-04-01 20:00:00,2017-04-09 08:00:00,F2286,118.131,24.269,13.710135084111545
2017-04-02 20:00:00,2017-04-10 08:00:00,F2286,118.131,24.269,13.645038029844821
2017-04-03 20:00:00,2017-04-11 08:00:00,F2286,118.131,24.269,14.512462889271855
2017-04-04 20:00:00,2017-04-12 08:00:00,F2286,118.131,24.269,9.496433165960779
2017-04-06 20:00:00,2017-04-14 08:00:00,F2286,118.131,24.269,5.114550622943593
2017-04-07 20:00:00,2017-04-15 08:00:00,F2286,118.131,24.269,5.3360719000348915
2017-04-08 20:00:00,2017-04-16 08:00:00,F2286,118.131,24.269,5.692420517779382
2017-04-09 20:00:00,2017-04-17 08:00:00,F2286,118.131,24.269,11.286107657468829
2017-04-10 20:00:00,2017-04-18 08:00:00,F2286,118.131,24.269,6.145315289961302
2017-04-11 20:00:00,2017-04-19 08:00:00,F2286,118.131,24.269,7.861798808375857
2017-04-12 20:00:00,2017-04-20 08:00:00,F2286,118.131,24.269,13.08305746781368
2017-04-13 20:00:00,2017-04-21 08:00:00,F2286,118.131,24.269,15.134085345677367
2017-04-14 20:00:00,2017-04-22 08:00:00,F2286,118.131,24.269,13.964904888999095
2017-04-15 20:00:00,2017-04-23 08:00:00,F2286,118.131,24.269,12.910045726220202
2017-04-16 20:00:00,2017-04-24 08:00:00,F2286,118.131,24.269,7.4452189224716125
2017-04-17 20:00:00,2017-04-25 08:00:00,F2286,118.131,24.269,6.353810486906272
2017-04-18 20:00:00,2017-04-26 08:00:00,F2286,118.131,24.269,10.761010249738977
2017-04-19 20:00:00,2017-04-27 08:00:00,F2286,118.131,24.269,14.844304553201535
2017-04-20 20:00:00,2017-04-28 08:00:00,F2286,118.131,24.269,13.202166490632186
2017-05-08 20:00:00,2017-05-16 08:00:00,F2286,118.131,24.269,7.058038327168371
2017-05-09 20:00:00,2017-05-17 08:00:00,F2286,118.131,24.269,10.19278841075059
2017-06-01 20:00:00,2017-06-09 08:00:00,F2286,118.131,24.269,10.466902649648617
2017-06-02 20:00:00,2017-06-10 08:00:00,F2286,118.131,24.269,12.099346739990395
2017-06-03 20:00:00,2017-06-11 08:00:00,F2286,118.131,24.269,12.281873060399946
2017-06-04 20:00:00,2017-06-12 08:00:00,F2286,118.131,24.269,9.304944935597764
2017-06-05 20:00:00,2017-06-13 08:00:00,F2286,118.131,24.269,10.325244781693813
2017-06-06 20:00:00,2017-06-14 08:00:00,F2286,118.131,24.269,10.09340240787021
2017-06-07 20:00:00,2017-06-15 08:00:00,F2286,118.131,24.269,11.94132738178197
2017-06-08 20:00:00,2017-06-16 08:00:00,F2286,118.131,24.269,15.981243378038421
2017-06-09 20:00:00,2017-06-17 08:00:00,F2286,118.131,24.269,9.450656242276695
2017-06-10 20:00:00,2017-06-18 08:00:00,F2286,118.131,24.269,16.21137059206517
2017-06-11 20:00:00,2017-06-19 08:00:00,F2286,118.131,24.269,14.149332957339661
2017-06-12 20:00:00,2017-06-20 08:00:00,F2286,118.131,24.269,12.405248638078366
2017-06-13 20:00:00,2017-06-21 08:00:00,F2286,118.131,24.269,12.234605342204521
2017-06-14 20:00:00,2017-06-22 08:00:00,F2286,118.131,24.269,16.8163379034046
2017-06-15 20:00:00,2017-06-23 08:00:00,F2286,118.131,24.269,13.135158322102013
2017-06-16 20:00:00,2017-06-24 08:00:00,F2286,118.131,24.269,11.863545389423573
2017-06-17 20:00:00,2017-06-25 08:00:00,F2286,118.131,24.269,12.816203771367345
2017-06-18 20:00:00,2017-06-26 08:00:00,F2286,118.131,24.269,12.720415126682598
2017-06-19 20:00:00,2017-06-27 08:00:00,F2286,118.131,24.269,11.146259355882439
2017-06-20 20:00:00,2017-06-28 08:00:00,F2286,118.131,24.269,11.313884479495714
2017-06-21 20:00:00,2017-06-29 08:00:00,F2286,118.131,24.269,9.874223869252338
2017-06-22 20:00:00,2017-06-30 08:00:00,F2286,118.131,24.269,9.134500160040256
2017-06-23 20:00:00,2017-07-01 08:00:00,F2286,118.131,24.269,8.378077759186418
2017-06-24 20:00:00,2017-07-02 08:00:00,F2286,118.131,24.269,8.404099252181053
2017-06-25 20:00:00,2017-07-03 08:00:00,F2286,118.131,24.269,7.6954135641656425
2017-06-26 20:00:00,2017-07-04 08:00:00,F2286,118.131,24.269,9.652448083505679
2017-06-27 20:00:00,2017-07-05 08:00:00,F2286,118.131,24.269,12.792150535021815
2017-06-28 20:00:00,2017-07-06 08:00:00,F2286,118.131,24.269,10.174416647066193
2017-06-29 20:00:00,2017-07-07 08:00:00,F2286,118.131,24.269,9.194512751278564
2017-06-30 20:00:00,2017-07-08 08:00:00,F2286,118.131,24.269,8.323742939145099
2017-07-01 20:00:00,2017-07-09 08:00:00,F2286,118.131,24.269,7.755609914906612
2017-07-02 20:00:00,2017-07-10 08:00:00,F2286,118.131,24.269,7.862102279919645
2017-07-03 20:00:00,2017-07-11 08:00:00,F2286,118.131,24.269,8.667658495689865
2017-07-04 20:00:00,2017-07-12 08:00:00,F2286,118.131,24.269,10.475525160117503
2017-07-05 20:00:00,2017-07-13 08:00:00,F2286,118.131,24.269,10.528427438427103
2017-07-06 20:00:00,2017-07-14 08:00:00,F2286,118.131,24.269,8.155095733532663
2017-07-07 20:00:00,2017-07-15 08:00:00,F2286,118.131,24.269,7.750681324031707
2017-07-08 20:00:00,2017-07-16 08:00:00,F2286,118.131,24.269,12.61073523096535
2017-07-09 20:00:00,2017-07-17 08:00:00,F2286,118.131,24.269,20.211224549666905
2017-07-10 20:00:00,2017-07-18 08:00:00,F2286,118.131,24.269,8.378627599357127
2017-07-11 20:00:00,2017-07-19 08:00:00,F2286,118.131,24.269,8.246737493507759
2017-07-12 20:00:00,2017-07-20 08:00:00,F2286,118.131,24.269,7.313020759063253
2017-07-13 20:00:00,2017-07-21 08:00:00,F2286,118.131,24.269,7.057897721721388
2017-07-14 20:00:00,2017-07-22 08:00:00,F2286,118.131,24.269,5.578201229372951
2017-07-15 20:00:00,2017-07-23 08:00:00,F2286,118.131,24.269,7.050610172260941
2017-07-16 20:00:00,2017-07-24 08:00:00,F2286,118.131,24.269,7.327702435622284
2017-07-17 20:00:00,2017-07-25 08:00:00,F2286,118.131,24.269,7.572328026785767
2017-07-18 20:00:00,2017-07-26 08:00:00,F2286,118.131,24.269,8.684500473636565
2017-07-19 20:00:00,2017-07-27 08:00:00,F2286,118.131,24.269,6.807907281556232
2017-07-21 20:00:00,2017-07-29 08:00:00,F2286,118.131,24.269,6.282041530116893
2017-07-22 20:00:00,2017-07-30 08:00:00,F2286,118.131,24.269,5.926007083151282
2017-07-23 20:00:00,2017-07-31 08:00:00,F2286,118.131,24.269,7.554524169210487
2017-07-24 20:00:00,2017-08-01 08:00:00,F2286,118.131,24.269,8.598885212066673
2017-07-25 20:00:00,2017-08-02 08:00:00,F2286,118.131,24.269,8.921216169959123
2017-07-26 20:00:00,2017-08-03 08:00:00,F2286,118.131,24.269,10.995911033441773
2017-07-27 20:00:00,2017-08-04 08:00:00,F2286,118.131,24.269,11.346533491348016
2017-07-28 20:00:00,2017-08-05 08:00:00,F2286,118.131,24.269,9.959848767958297
2017-07-29 20:00:00,2017-08-06 08:00:00,F2286,118.131,24.269,9.421540722109293
2017-07-30 20:00:00,2017-08-07 08:00:00,F2286,118.131,24.269,11.29234778205762
2017-07-31 20:00:00,2017-08-08 08:00:00,F2286,118.131,24.269,12.663896078326275
2017-08-01 20:00:00,2017-08-09 08:00:00,F2286,118.131,24.269,14.084361874443221
2017-08-02 20:00:00,2017-08-10 08:00:00,F2286,118.131,24.269,13.097234083682947
2017-08-03 20:00:00,2017-08-11 08:00:00,F2286,118.131,24.269,11.819816042769244
2017-08-04 20:00:00,2017-08-12 08:00:00,F2286,118.131,24.269,11.900656074729278
2017-08-05 20:00:00,2017-08-13 08:00:00,F2286,118.131,24.269,13.009354360326693
2017-08-06 20:00:00,2017-08-14 08:00:00,F2286,118.131,24.269,11.817180198145639
2017-08-07 20:00:00,2017-08-15 08:00:00,F2286,118.131,24.269,10.432221771195305
2017-08-08 20:00:00,2017-08-16 08:00:00,F2286,118.131,24.269,9.512725203398182
2017-08-09 20:00:00,2017-08-17 08:00:00,F2286,118.131,24.269,10.527078915575203
2017-08-10 20:00:00,2017-08-18 08:00:00,F2286,118.131,24.269,10.35157205857442
2017-08-11 20:00:00,2017-08-19 08:00:00,F2286,118.131,24.269,11.26138472107754
2017-08-12 20:00:00,2017-08-20 08:00:00,F2286,118.131,24.269,10.213768567915684
2017-08-13 20:00:00,2017-08-21 08:00:00,F2286,118.131,24.269,8.571775074151324
2017-08-14 20:00:00,2017-08-22 08:00:00,F2286,118.131,24.269,5.8919948455205216
2017-08-15 20:00:00,2017-08-23 08:00:00,F2286,118.131,24.269,5.357570709497294
2017-08-16 20:00:00,2017-08-24 08:00:00,F2286,118.131,24.269,9.105855871706302
2017-08-17 20:00:00,2017-08-25 08:00:00,F2286,118.131,24.269,7.429768502604853
2017-08-18 20:00:00,2017-08-26 08:00:00,F2286,118.131,24.269,13.940673384638641
2017-08-19 20:00:00,2017-08-27 08:00:00,F2286,118.131,24.269,12.171456719207162
2017-08-20 20:00:00,2017-08-28 08:00:00,F2286,118.131,24.269,7.910676529003041
2017-08-21 20:00:00,2017-08-29 08:00:00,F2286,118.131,24.269,9.3573052346541
2017-08-22 20:00:00,2017-08-30 08:00:00,F2286,118.131,24.269,6.501167799413557
2017-08-23 20:00:00,2017-08-31 08:00:00,F2286,118.131,24.269,6.45860389709831
2017-08-24 20:00:00,2017-09-01 08:00:00,F2286,118.131,24.269,10.624902320625086
2017-08-25 20:00:00,2017-09-02 08:00:00,F2286,118.131,24.269,6.968709338678647
2017-08-26 20:00:00,2017-09-03 08:00:00,F2286,118.131,24.269,6.902959296865559
2017-08-27 20:00:00,2017-09-04 08:00:00,F2286,118.131,24.269,9.137427334170589
2017-08-28 20:00:00,2017-09-05 08:00:00,F2286,118.131,24.269,8.220218258750515
2017-08-29 20:00:00,2017-09-06 08:00:00,F2286,118.131,24.269,9.90598130362914
2017-08-30 20:00:00,2017-09-07 08:00:00,F2286,118.131,24.269,7.480852454009893
2017-08-31 20:00:00,2017-09-08 08:00:00,F2286,118.131,24.269,9.085438842390724
2017-09-01 20:00:00,2017-09-09 08:00:00,F2286,118.131,24.269,8.192120817732226
2017-09-02 20:00:00,2017-09-10 08:00:00,F2286,118.131,24.269,6.125343911961722
2017-09-03 20:00:00,2017-09-11 08:00:00,F2286,118.131,24.269,7.862209258016021
2017-09-04 20:00:00,2017-09-12 08:00:00,F2286,118.131,24.269,5.031082116022702
2017-09-05 20:00:00,2017-09-13 08:00:00,F2286,118.131,24.269,11.986848234297847
2017-09-06 20:00:00,2017-09-14 08:00:00,F2286,118.131,24.269,14.43199890880052
2017-09-07 20:00:00,2017-09-15 08:00:00,F2286,118.131,24.269,20.389630668751906
2017-09-08 20:00:00,2017-09-16 08:00:00,F2286,118.131,24.269,16.94863592160261
2017-09-10 20:00:00,2017-09-18 08:00:00,F2286,118.131,24.269,5.456588758082925
2017-09-11 20:00:00,2017-09-19 08:00:00,F2286,118.131,24.269,8.708295374391849
2017-09-12 20:00:00,2017-09-20 08:00:00,F2286,118.131,24.269,5.530128734971359
2017-09-13 20:00:00,2017-09-21 08:00:00,F2286,118.131,24.269,8.628781077289997
2017-09-14 20:00:00,2017-09-22 08:00:00,F2286,118.131,24.269,8.936918150597267
2017-09-15 20:00:00,2017-09-23 08:00:00,F2286,118.131,24.269,7.8592288314077114
2017-09-16 20:00:00,2017-09-24 08:00:00,F2286,118.131,24.269,6.269786212154276
2017-09-17 20:00:00,2017-09-25 08:00:00,F2286,118.131,24.269,7.798847612046701
2017-09-18 20:00:00,2017-09-26 08:00:00,F2286,118.131,24.269,8.733236674491286
2017-09-19 20:00:00,2017-09-27 08:00:00,F2286,118.131,24.269,7.6412447755885
2017-09-20 20:00:00,2017-09-28 08:00:00,F2286,118.131,24.269,9.395365968562997
2017-09-21 20:00:00,2017-09-29 08:00:00,F2286,118.131,24.269,15.998171413435829
2017-09-22 20:00:00,2017-09-30 08:00:00,F2286,118.131,24.269,14.97789736905787
2017-09-23 20:00:00,2017-10-01 08:00:00,F2286,118.131,24.269,9.385482321794713
2017-09-24 20:00:00,2017-10-02 08:00:00,F2286,118.131,24.269,7.987838440384432
2017-09-25 20:00:00,2017-10-03 08:00:00,F2286,118.131,24.269,18.10222685796553
2017-09-26 20:00:00,2017-10-04 08:00:00,F2286,118.131,24.269,16.141597397687867
2017-09-27 20:00:00,2017-10-05 08:00:00,F2286,118.131,24.269,13.436780375483208
2017-09-28 20:00:00,2017-10-06 08:00:00,F2286,118.131,24.269,14.629676983047464
2017-09-29 20:00:00,2017-10-07 08:00:00,F2286,118.131,24.269,17.789913464373225
2017-09-30 20:00:00,2017-10-08 08:00:00,F2286,118.131,24.269,19.20722535553733
2017-10-01 20:00:00,2017-10-09 08:00:00,F2286,118.131,24.269,11.317029049665232
2017-10-02 20:00:00,2017-10-10 08:00:00,F2286,118.131,24.269,8.557170195878067
2017-10-03 20:00:00,2017-10-11 08:00:00,F2286,118.131,24.269,14.19368449448085
2017-10-04 20:00:00,2017-10-12 08:00:00,F2286,118.131,24.269,13.47159974021074
2017-10-05 20:00:00,2017-10-13 08:00:00,F2286,118.131,24.269,22.18497566416717
2017-10-06 20:00:00,2017-10-14 08:00:00,F2286,118.131,24.269,21.05364893515802
2017-10-07 20:00:00,2017-10-15 08:00:00,F2286,118.131,24.269,14.31792559139966
2017-10-08 20:00:00,2017-10-16 08:00:00,F2286,118.131,24.269,21.66114362570538
2017-10-09 20:00:00,2017-10-17 08:00:00,F2286,118.131,24.269,20.720850556129612
2017-10-10 20:00:00,2017-10-18 08:00:00,F2286,118.131,24.269,19.07572674287797
2017-10-11 20:00:00,2017-10-19 08:00:00,F2286,118.131,24.269,15.300277024962206
2017-10-12 20:00:00,2017-10-20 08:00:00,F2286,118.131,24.269,16.602703239950376
2017-10-13 20:00:00,2017-10-21 08:00:00,F2286,118.131,24.269,19.689498219704394
2017-10-14 20:00:00,2017-10-22 08:00:00,F2286,118.131,24.269,13.053595238981064
2017-10-15 20:00:00,2017-10-23 08:00:00,F2286,118.131,24.269,9.865787407137198
2017-10-16 20:00:00,2017-10-24 08:00:00,F2286,118.131,24.269,18.22930442892788
2017-10-17 20:00:00,2017-10-25 08:00:00,F2286,118.131,24.269,16.4940133706455
2017-10-18 20:00:00,2017-10-26 08:00:00,F2286,118.131,24.269,15.879553726118653
2017-10-19 20:00:00,2017-10-27 08:00:00,F2286,118.131,24.269,17.454875849262915
2017-10-20 20:00:00,2017-10-28 08:00:00,F2286,118.131,24.269,17.89013521464938
2017-10-21 20:00:00,2017-10-29 08:00:00,F2286,118.131,24.269,15.18601493852463
2017-10-22 20:00:00,2017-10-30 08:00:00,F2286,118.131,24.269,19.57730269942843
2017-10-23 20:00:00,2017-10-31 08:00:00,F2286,118.131,24.269,17.91485174143694
2017-10-24 20:00:00,2017-11-01 08:00:00,F2286,118.131,24.269,13.93168614986656
2017-10-25 20:00:00,2017-11-02 08:00:00,F2286,118.131,24.269,12.77642683357465
2017-10-26 20:00:00,2017-11-03 08:00:00,F2286,118.131,24.269,18.851366381376067
2017-10-27 20:00:00,2017-11-04 08:00:00,F2286,118.131,24.269,20.768199388113548
2017-10-28 20:00:00,2017-11-05 08:00:00,F2286,118.131,24.269,18.317243395012287
2017-10-29 20:00:00,2017-11-06 08:00:00,F2286,118.131,24.269,14.416724572643295
2017-10-30 20:00:00,2017-11-07 08:00:00,F2286,118.131,24.269,7.034470501998003
2017-10-31 20:00:00,2017-11-08 08:00:00,F2286,118.131,24.269,16.518117039653305
2017-11-01 20:00:00,2017-11-09 08:00:00,F2286,118.131,24.269,12.927065260919466
2017-11-02 20:00:00,2017-11-10 08:00:00,F2286,118.131,24.269,9.050462469554068
2017-11-03 20:00:00,2017-11-11 08:00:00,F2286,118.131,24.269,17.396694135857267
2017-11-04 20:00:00,2017-11-12 08:00:00,F2286,118.131,24.269,11.35349318019112
2017-11-05 20:00:00,2017-11-13 08:00:00,F2286,118.131,24.269,9.845911565362897
2017-11-06 20:00:00,2017-11-14 08:00:00,F2286,118.131,24.269,13.92198006411834
2017-11-07 20:00:00,2017-11-15 08:00:00,F2286,118.131,24.269,16.712716239673473
2017-11-08 20:00:00,2017-11-16 08:00:00,F2286,118.131,24.269,12.589248912444472
2017-11-09 20:00:00,2017-11-17 08:00:00,F2286,118.131,24.269,5.731895453354078
2017-11-10 20:00:00,2017-11-18 08:00:00,F2286,118.131,24.269,22.04353929299954
2017-11-11 20:00:00,2017-11-19 08:00:00,F2286,118.131,24.269,20.232361708699614
2017-11-12 20:00:00,2017-11-20 08:00:00,F2286,118.131,24.269,11.828971109181873
2017-11-13 20:00:00,2017-11-21 08:00:00,F2286,118.131,24.269,14.778056363725705
2017-11-14 20:00:00,2017-11-22 08:00:00,F2286,118.131,24.269,8.540470382090334
2017-11-15 20:00:00,2017-11-23 08:00:00,F2286,118.131,24.269,14.512107899452415
2017-11-16 20:00:00,2017-11-24 08:00:00,F2286,118.131,24.269,14.673479577172776
2017-11-17 20:00:00,2017-11-25 08:00:00,F2286,118.131,24.269,10.314973095834972
2017-11-18 20:00:00,2017-11-26 08:00:00,F2286,118.131,24.269,10.033515305684062
2017-11-19 20:00:00,2017-11-27 08:00:00,F2286,118.131,24.269,19.128743747698874
2017-11-20 20:00:00,2017-11-28 08:00:00,F2286,118.131,24.269,13.322235296495824
2017-11-22 20:00:00,2017-11-30 08:00:00,F2286,118.131,24.269,4.193872918474342
2017-11-23 20:00:00,2017-12-01 08:00:00,F2286,118.131,24.269,18.32171608628059
2017-11-24 20:00:00,2017-12-02 08:00:00,F2286,118.131,24.269,17.03564211616749
2017-11-25 20:00:00,2017-12-03 08:00:00,F2286,118.131,24.269,14.389325121221384
2017-11-26 20:00:00,2017-12-04 08:00:00,F2286,118.131,24.269,14.681879646760256
2017-11-27 20:00:00,2017-12-05 08:00:00,F2286,118.131,24.269,15.584502095779758
2017-11-28 20:00:00,2017-12-06 08:00:00,F2286,118.131,24.269,15.254271315846655
2017-11-29 20:00:00,2017-12-07 08:00:00,F2286,118.131,24.269,15.471682110067318
2017-11-30 20:00:00,2017-12-08 08:00:00,F2286,118.131,24.269,12.486674136263785
2017-12-01 20:00:00,2017-12-09 08:00:00,F2286,118.131,24.269,18.38813191088508
2017-12-02 20:00:00,2017-12-10 08:00:00,F2286,118.131,24.269,16.28074126570961
2017-12-03 20:00:00,2017-12-11 08:00:00,F2286,118.131,24.269,18.697353136667925
2017-12-04 20:00:00,2017-12-12 08:00:00,F2286,118.131,24.269,18.24822647025548
2017-12-05 20:00:00,2017-12-13 08:00:00,F2286,118.131,24.269,15.493382507773902
2017-12-06 20:00:00,2017-12-14 08:00:00,F2286,118.131,24.269,12.777336540036744
2017-12-07 20:00:00,2017-12-15 08:00:00,F2286,118.131,24.269,13.717982879917828
2017-12-08 20:00:00,2017-12-16 08:00:00,F2286,118.131,24.269,14.469022767597885
2017-12-09 20:00:00,2017-12-17 08:00:00,F2286,118.131,24.269,18.937668679757888
2017-12-10 20:00:00,2017-12-18 08:00:00,F2286,118.131,24.269,17.213966750279948
2017-12-11 20:00:00,2017-12-19 08:00:00,F2286,118.131,24.269,18.570232655990093
2017-12-12 20:00:00,2017-12-20 08:00:00,F2286,118.131,24.269,19.821099591319662
2017-12-13 20:00:00,2017-12-21 08:00:00,F2286,118.131,24.269,14.513905867396517
2017-12-14 20:00:00,2017-12-22 08:00:00,F2286,118.131,24.269,19.387068050960746
2017-12-15 20:00:00,2017-12-23 08:00:00,F2286,118.131,24.269,7.044535786136748
2017-12-16 20:00:00,2017-12-24 08:00:00,F2286,118.131,24.269,6.388255907107447
2017-12-17 20:00:00,2017-12-25 08:00:00,F2286,118.131,24.269,15.87719648874865
2017-12-18 20:00:00,2017-12-26 08:00:00,F2286,118.131,24.269,14.842549777486743
2017-12-19 20:00:00,2017-12-27 08:00:00,F2286,118.131,24.269,8.535886150298088
2017-12-20 20:00:00,2017-12-28 08:00:00,F2286,118.131,24.269,12.381275633077953
2017-12-21 20:00:00,2017-12-29 08:00:00,F2286,118.131,24.269,15.307900721200948
2017-12-22 20:00:00,2017-12-30 08:00:00,F2286,118.131,24.269,12.403999613150143
2017-12-23 20:00:00,2017-12-31 08:00:00,F2286,118.131,24.269,14.32039619675628
2017-12-24 20:00:00,2018-01-01 08:00:00,F2286,118.131,24.269,14.51978229324854
2017-12-25 20:00:00,2018-01-02 08:00:00,F2286,118.131,24.269,15.952178488261385
2017-12-26 20:00:00,2018-01-03 08:00:00,F2286,118.131,24.269,14.378028354664874
2017-12-27 20:00:00,2018-01-04 08:00:00,F2286,118.131,24.269,6.330396766903196
2017-12-28 20:00:00,2018-01-05 08:00:00,F2286,118.131,24.269,16.869992000143387
2017-12-29 20:00:00,2018-01-06 08:00:00,F2286,118.131,24.269,16.27784136853168
2017-12-30 20:00:00,2018-01-07 08:00:00,F2286,118.131,24.269,10.895871700920893
2017-12-31 20:00:00,2018-01-08 08:00:00,F2286,118.131,24.269,13.148867513427826
2018-01-01 20:00:00,2018-01-09 08:00:00,F2286,118.131,24.269,14.316777924660256
2018-01-02 20:00:00,2018-01-10 08:00:00,F2286,118.131,24.269,11.686170429873016
2018-01-03 20:00:00,2018-01-11 08:00:00,F2286,118.131,24.269,13.246497235183089
2018-01-04 20:00:00,2018-01-12 08:00:00,F2286,118.131,24.269,17.046555496372278
2018-01-05 20:00:00,2018-01-13 08:00:00,F2286,118.131,24.269,18.414242431887327
2018-01-06 20:00:00,2018-01-14 08:00:00,F2286,118.131,24.269,11.930958897309328
2018-01-07 20:00:00,2018-01-15 08:00:00,F2286,118.131,24.269,11.915804996134312
2018-01-08 20:00:00,2018-01-16 08:00:00,F2286,118.131,24.269,5.601878960403931
2018-01-09 20:00:00,2018-01-17 08:00:00,F2286,118.131,24.269,11.140560858785198
2018-01-10 20:00:00,2018-01-18 08:00:00,F2286,118.131,24.269,11.619068511405349
2018-01-11 20:00:00,2018-01-19 08:00:00,F2286,118.131,24.269,13.735593063426233
2018-01-12 20:00:00,2018-01-20 08:00:00,F2286,118.131,24.269,16.69917280736717
2018-01-13 20:00:00,2018-01-21 08:00:00,F2286,118.131,24.269,6.422857222564564
2018-01-14 20:00:00,2018-01-22 08:00:00,F2286,118.131,24.269,9.307171336835722
2018-01-15 20:00:00,2018-01-23 08:00:00,F2286,118.131,24.269,14.072162225823233
2018-01-16 20:00:00,2018-01-24 08:00:00,F2286,118.131,24.269,12.285920691090936
2018-01-17 20:00:00,2018-01-25 08:00:00,F2286,118.131,24.269,18.434950593781146
2018-01-18 20:00:00,2018-01-26 08:00:00,F2286,118.131,24.269,18.16027476222302
2018-01-19 20:00:00,2018-01-27 08:00:00,F2286,118.131,24.269,14.621764505962515
2018-01-21 20:00:00,2018-01-29 08:00:00,F2286,118.131,24.269,18.581928861121842
2018-01-22 20:00:00,2018-01-30 08:00:00,F2286,118.131,24.269,17.309861104006213
2018-01-23 20:00:00,2018-01-31 08:00:00,F2286,118.131,24.269,9.775024705240057
2018-01-24 20:00:00,2018-02-01 08:00:00,F2286,118.131,24.269,17.376636556840538
2018-01-25 20:00:00,2018-02-02 08:00:00,F2286,118.131,24.269,16.0397159931877
2018-01-26 20:00:00,2018-02-03 08:00:00,F2286,118.131,24.269,17.597213339770622
2018-01-27 20:00:00,2018-02-04 08:00:00,F2286,118.131,24.269,16.862277567691514
2018-01-28 20:00:00,2018-02-05 08:00:00,F2286,118.131,24.269,18.115261441714395
2018-01-29 20:00:00,2018-02-06 08:00:00,F2286,118.131,24.269,16.098526091318565
2018-01-30 20:00:00,2018-02-07 08:00:00,F2286,118.131,24.269,13.517077040307472
2018-01-31 20:00:00,2018-02-08 08:00:00,F2286,118.131,24.269,13.5068492602891
2018-02-01 20:00:00,2018-02-09 08:00:00,F2286,118.131,24.269,16.305654709523814
2018-02-02 20:00:00,2018-02-10 08:00:00,F2286,118.131,24.269,11.42311273074773
2018-02-03 20:00:00,2018-02-11 08:00:00,F2286,118.131,24.269,16.259839547341777
2018-02-04 20:00:00,2018-02-12 08:00:00,F2286,118.131,24.269,12.345444035843242
2018-02-05 20:00:00,2018-02-13 08:00:00,F2286,118.131,24.269,6.137817690628633
2018-02-06 20:00:00,2018-02-14 08:00:00,F2286,118.131,24.269,4.369653685089563
2018-02-07 20:00:00,2018-02-15 08:00:00,F2286,118.131,24.269,5.504818074659356
2018-02-08 20:00:00,2018-02-16 08:00:00,F2286,118.131,24.269,9.23277306261934
2018-02-09 20:00:00,2018-02-17 08:00:00,F2286,118.131,24.269,5.5210517317154855
2018-02-10 20:00:00,2018-02-18 08:00:00,F2286,118.131,24.269,9.450671362013964
2018-02-11 20:00:00,2018-02-19 08:00:00,F2286,118.131,24.269,7.476698660559277
2018-02-12 20:00:00,2018-02-20 08:00:00,F2286,118.131,24.269,15.646576521957002
2018-02-13 20:00:00,2018-02-21 08:00:00,F2286,118.131,24.269,14.228965466934365
2018-02-14 20:00:00,2018-02-22 08:00:00,F2286,118.131,24.269,12.03030886522542
2018-02-15 20:00:00,2018-02-23 08:00:00,F2286,118.131,24.269,13.712091830474858
2018-02-16 20:00:00,2018-02-24 08:00:00,F2286,118.131,24.269,6.121822847351978
2018-02-17 20:00:00,2018-02-25 08:00:00,F2286,118.131,24.269,12.148040160026445
2018-02-18 20:00:00,2018-02-26 08:00:00,F2286,118.131,24.269,13.710893555231301
2018-02-19 20:00:00,2018-02-27 08:00:00,F2286,118.131,24.269,7.031339342527031
2018-02-20 20:00:00,2018-02-28 08:00:00,F2286,118.131,24.269,5.752315055602324
2018-02-21 20:00:00,2018-03-01 08:00:00,F2286,118.131,24.269,12.822223811873867
2018-02-22 20:00:00,2018-03-02 08:00:00,F2286,118.131,24.269,4.512383707455581
2018-02-23 20:00:00,2018-03-03 08:00:00,F2286,118.131,24.269,6.524406602763747
2018-02-24 20:00:00,2018-03-04 08:00:00,F2286,118.131,24.269,8.928733928822746
2018-02-25 20:00:00,2018-03-05 08:00:00,F2286,118.131,24.269,9.377734133936851
2018-02-26 20:00:00,2018-03-06 08:00:00,F2286,118.131,24.269,19.189489228698065
2018-02-27 20:00:00,2018-03-07 08:00:00,F2286,118.131,24.269,14.21680905582916
2018-02-28 20:00:00,2018-03-08 08:00:00,F2286,118.131,24.269,16.6999069275741
2018-03-01 20:00:00,2018-03-09 08:00:00,F2286,118.131,24.269,13.610782429428964
2018-03-02 20:00:00,2018-03-10 08:00:00,F2286,118.131,24.269,14.054262647239542
2018-03-03 20:00:00,2018-03-11 08:00:00,F2286,118.131,24.269,7.1981724302411605
2018-03-04 20:00:00,2018-03-12 08:00:00,F2286,118.131,24.269,7.100657925724863
2018-03-05 20:00:00,2018-03-13 08:00:00,F2286,118.131,24.269,5.097626827616355
2018-03-06 20:00:00,2018-03-14 08:00:00,F2286,118.131,24.269,4.397445973598358
2018-03-07 20:00:00,2018-03-15 08:00:00,F2286,118.131,24.269,6.138820427906578
2018-03-08 20:00:00,2018-03-16 08:00:00,F2286,118.131,24.269,7.330461253777642
2018-03-09 20:00:00,2018-03-17 08:00:00,F2286,118.131,24.269,14.114692546539985
2018-03-10 20:00:00,2018-03-18 08:00:00,F2286,118.131,24.269,8.924885198799483
2018-03-11 20:00:00,2018-03-19 08:00:00,F2286,118.131,24.269,6.1740522653341205
2018-03-12 20:00:00,2018-03-20 08:00:00,F2286,118.131,24.269,8.872856434986412
2018-03-13 20:00:00,2018-03-21 08:00:00,F2286,118.131,24.269,9.746060900656909
2018-03-14 20:00:00,2018-03-22 08:00:00,F2286,118.131,24.269,8.606605757738432
2018-03-15 20:00:00,2018-03-23 08:00:00,F2286,118.131,24.269,9.064640418325991
2018-03-16 20:00:00,2018-03-24 08:00:00,F2286,118.131,24.269,9.806985663050275
2018-03-17 20:00:00,2018-03-25 08:00:00,F2286,118.131,24.269,10.568074537581179
2018-03-18 20:00:00,2018-03-26 08:00:00,F2286,118.131,24.269,9.776684077726618
2018-03-19 20:00:00,2018-03-27 08:00:00,F2286,118.131,24.269,4.641832595705751
2018-03-20 20:00:00,2018-03-28 08:00:00,F2286,118.131,24.269,5.726423048624606
2018-03-21 20:00:00,2018-03-29 08:00:00,F2286,118.131,24.269,5.634190087508348
2018-03-22 20:00:00,2018-03-30 08:00:00,F2286,118.131,24.269,13.824853162884375
2018-03-23 20:00:00,2018-03-31 08:00:00,F2286,118.131,24.269,12.425894516571018
2018-03-24 20:00:00,2018-04-01 08:00:00,F2286,118.131,24.269,6.66670550845368
2018-03-25 20:00:00,2018-04-02 08:00:00,F2286,118.131,24.269,8.958759607571123
2018-03-26 20:00:00,2018-04-03 08:00:00,F2286,118.131,24.269,6.097119315262213
2018-03-28 20:00:00,2018-04-05 08:00:00,F2286,118.131,24.269,10.667236946374944
2018-03-29 20:00:00,2018-04-06 08:00:00,F2286,118.131,24.269,14.845510910659693
2018-03-30 20:00:00,2018-04-07 08:00:00,F2286,118.131,24.269,12.980556887859061
2018-03-31 20:00:00,2018-04-08 08:00:00,F2286,118.131,24.269,9.238639033224922
2018-04-01 20:00:00,2018-04-09 08:00:00,F2286,118.131,24.269,7.117921434507777
2018-04-02 20:00:00,2018-04-10 08:00:00,F2286,118.131,24.269,8.667259159613053
2018-04-03 20:00:00,2018-04-11 08:00:00,F2286,118.131,24.269,7.0278870011317744
2018-04-04 20:00:00,2018-04-12 08:00:00,F2286,118.131,24.269,8.678467484226164
2018-04-05 20:00:00,2018-04-13 08:00:00,F2286,118.131,24.269,9.406768277496843
2018-04-06 20:00:00,2018-04-14 08:00:00,F2286,118.131,24.269,18.102164322716426
2018-04-07 20:00:00,2018-04-15 08:00:00,F2286,118.131,24.269,17.947832394737812
2018-04-08 20:00:00,2018-04-16 08:00:00,F2286,118.131,24.269,16.29334829690659
2018-04-09 20:00:00,2018-04-17 08:00:00,F2286,118.131,24.269,11.52484606486669
2018-04-10 20:00:00,2018-04-18 08:00:00,F2286,118.131,24.269,11.980871088837185
2018-04-11 20:00:00,2018-04-19 08:00:00,F2286,118.131,24.269,14.064734176673046
2018-04-12 20:00:00,2018-04-20 08:00:00,F2286,118.131,24.269,12.465559832373238
2018-04-13 20:00:00,2018-04-21 08:00:00,F2286,118.131,24.269,8.084125850322014
2018-04-14 20:00:00,2018-04-22 08:00:00,F2286,118.131,24.269,6.045992921771614
2018-04-15 20:00:00,2018-04-23 08:00:00,F2286,118.131,24.269,7.275625550193966
2018-04-16 20:00:00,2018-04-24 08:00:00,F2286,118.131,24.269,18.148032936412584
2018-04-17 20:00:00,2018-04-25 08:00:00,F2286,118.131,24.269,14.368676842683175
2018-04-18 20:00:00,2018-04-26 08:00:00,F2286,118.131,24.269,8.576954344680848
2018-04-19 20:00:00,2018-04-27 08:00:00,F2286,118.131,24.269,6.0238621382626
2018-04-20 20:00:00,2018-04-28 08:00:00,F2286,118.131,24.269,7.063194145562364
2018-04-21 20:00:00,2018-04-29 08:00:00,F2286,118.131,24.269,7.624609038166393
2018-04-22 20:00:00,2018-04-30 08:00:00,F2286,118.131,24.269,8.696236345421838
2018-04-23 20:00:00,2018-05-01 08:00:00,F2286,118.131,24.269,8.329255512208166
2018-04-24 20:00:00,2018-05-02 08:00:00,F2286,118.131,24.269,10.629586714524642
2018-04-25 20:00:00,2018-05-03 08:00:00,F2286,118.131,24.269,16.359445065457347
2018-04-26 20:00:00,2018-05-04 08:00:00,F2286,118.131,24.269,13.60353757474344
2018-04-27 20:00:00,2018-05-05 08:00:00,F2286,118.131,24.269,8.162484425381376
2018-04-28 20:00:00,2018-05-06 08:00:00,F2286,118.131,24.269,8.942103891993684
2018-04-29 20:00:00,2018-05-07 08:00:00,F2286,118.131,24.269,13.429934933709092
2018-04-30 20:00:00,2018-05-08 08:00:00,F2286,118.131,24.269,12.307629853559355
2018-05-01 20:00:00,2018-05-09 08:00:00,F2286,118.131,24.269,13.918546895277839
2018-05-02 20:00:00,2018-05-10 08:00:00,F2286,118.131,24.269,13.783884930398381
2018-05-03 20:00:00,2018-05-11 08:00:00,F2286,118.131,24.269,10.799462989947331
2018-05-04 20:00:00,2018-05-12 08:00:00,F2286,118.131,24.269,8.639624149540031
2018-05-05 20:00:00,2018-05-13 08:00:00,F2286,118.131,24.269,9.767663900698683
2018-05-06 20:00:00,2018-05-14 08:00:00,F2286,118.131,24.269,9.077835050432164
2018-05-07 20:00:00,2018-05-15 08:00:00,F2286,118.131,24.269,11.742140614572318
2018-05-08 20:00:00,2018-05-16 08:00:00,F2286,118.131,24.269,10.79959660182581
2018-05-09 20:00:00,2018-05-17 08:00:00,F2286,118.131,24.269,13.602973859526319
2018-05-10 20:00:00,2018-05-18 08:00:00,F2286,118.131,24.269,10.627161769474565
2018-05-11 20:00:00,2018-05-19 08:00:00,F2286,118.131,24.269,9.999013449541833
2018-05-12 20:00:00,2018-05-20 08:00:00,F2286,118.131,24.269,12.618364911587555
2018-05-13 20:00:00,2018-05-21 08:00:00,F2286,118.131,24.269,12.331820898560641
2018-05-14 20:00:00,2018-05-22 08:00:00,F2286,118.131,24.269,10.356614714319834
2018-05-15 20:00:00,2018-05-23 08:00:00,F2286,118.131,24.269,9.957320682657302
2018-05-16 20:00:00,2018-05-24 08:00:00,F2286,118.131,24.269,8.03580042487236
2018-05-17 20:00:00,2018-05-25 08:00:00,F2286,118.131,24.269,7.361637633646897
2018-05-18 20:00:00,2018-05-26 08:00:00,F2286,118.131,24.269,13.075723229531178
2018-05-19 20:00:00,2018-05-27 08:00:00,F2286,118.131,24.269,11.295072056854053
2018-05-20 20:00:00,2018-05-28 08:00:00,F2286,118.131,24.269,10.415173849907463
2018-05-21 20:00:00,2018-05-29 08:00:00,F2286,118.131,24.269,8.618457091485881
2018-05-22 20:00:00,2018-05-30 08:00:00,F2286,118.131,24.269,11.429158651447963
2018-05-23 20:00:00,2018-05-31 08:00:00,F2286,118.131,24.269,11.087270340689283
2018-05-24 20:00:00,2018-06-01 08:00:00,F2286,118.131,24.269,12.864337994169793
2018-05-25 20:00:00,2018-06-02 08:00:00,F2286,118.131,24.269,13.16465698053225
2018-05-26 20:00:00,2018-06-03 08:00:00,F2286,118.131,24.269,8.766183189958575
2018-05-27 20:00:00,2018-06-04 08:00:00,F2286,118.131,24.269,11.828137195841807
2018-05-28 20:00:00,2018-06-05 08:00:00,F2286,118.131,24.269,9.383282402787687
2018-05-29 20:00:00,2018-06-06 08:00:00,F2286,118.131,24.269,8.430363530347927
2018-05-30 20:00:00,2018-06-07 08:00:00,F2286,118.131,24.269,8.287424348102636
2018-05-31 20:00:00,2018-06-08 08:00:00,F2286,118.131,24.269,13.16264880946335
2018-06-01 20:00:00,2018-06-09 08:00:00,F2286,118.131,24.269,12.598994554923674
2018-06-02 20:00:00,2018-06-10 08:00:00,F2286,118.131,24.269,6.990367887085919
2018-06-03 20:00:00,2018-06-11 08:00:00,F2286,118.131,24.269,17.38807652405627
2018-06-04 20:00:00,2018-06-12 08:00:00,F2286,118.131,24.269,17.322567757797994
2018-06-05 20:00:00,2018-06-13 08:00:00,F2286,118.131,24.269,15.515365787205946
2018-06-06 20:00:00,2018-06-14 08:00:00,F2286,118.131,24.269,19.99517400146685
2018-06-07 20:00:00,2018-06-15 08:00:00,F2286,118.131,24.269,9.883561526409556
2018-06-08 20:00:00,2018-06-16 08:00:00,F2286,118.131,24.269,16.058122830885903
2018-06-09 20:00:00,2018-06-17 08:00:00,F2286,118.131,24.269,6.924435879303457
2018-06-10 20:00:00,2018-06-18 08:00:00,F2286,118.131,24.269,13.399875931543507
2018-06-11 20:00:00,2018-06-19 08:00:00,F2286,118.131,24.269,12.890614685158793
2018-06-12 20:00:00,2018-06-20 08:00:00,F2286,118.131,24.269,14.493589477947712
2018-06-13 20:00:00,2018-06-21 08:00:00,F2286,118.131,24.269,13.391269522775692
2018-06-14 20:00:00,2018-06-22 08:00:00,F2286,118.131,24.269,14.806879782319276
2018-06-15 20:00:00,2018-06-23 08:00:00,F2286,118.131,24.269,12.54968270541164
2018-06-16 20:00:00,2018-06-24 08:00:00,F2286,118.131,24.269,12.956354454700275
2018-06-17 20:00:00,2018-06-25 08:00:00,F2286,118.131,24.269,11.025176908209536
2018-06-18 20:00:00,2018-06-26 08:00:00,F2286,118.131,24.269,13.264715857984896
2018-06-19 20:00:00,2018-06-27 08:00:00,F2286,118.131,24.269,12.70448441645282
2018-06-20 20:00:00,2018-06-28 08:00:00,F2286,118.131,24.269,12.085130882687867
2018-06-21 20:00:00,2018-06-29 08:00:00,F2286,118.131,24.269,11.935338590037222
2018-06-22 20:00:00,2018-06-30 08:00:00,F2286,118.131,24.269,12.09862540626741
2018-06-23 20:00:00,2018-07-01 08:00:00,F2286,118.131,24.269,13.784426743805644
2018-06-24 20:00:00,2018-07-02 08:00:00,F2286,118.131,24.269,12.4675295680157
2018-06-25 20:00:00,2018-07-03 08:00:00,F2286,118.131,24.269,11.798226508439456
2018-06-26 20:00:00,2018-07-04 08:00:00,F2286,118.131,24.269,12.795855593334535
2018-06-27 20:00:00,2018-07-05 08:00:00,F2286,118.131,24.269,11.741126409801259
2018-06-28 20:00:00,2018-07-06 08:00:00,F2286,118.131,24.269,10.867374401548991
2018-06-29 20:00:00,2018-07-07 08:00:00,F2286,118.131,24.269,11.414868689030232
2018-06-30 20:00:00,2018-07-08 08:00:00,F2286,118.131,24.269,10.423681866059894
2018-07-01 20:00:00,2018-07-09 08:00:00,F2286,118.131,24.269,8.864566401755567
2018-07-02 20:00:00,2018-07-10 08:00:00,F2286,118.131,24.269,8.533409137372134
2018-07-03 20:00:00,2018-07-11 08:00:00,F2286,118.131,24.269,8.877578922601273
2018-07-04 20:00:00,2018-07-12 08:00:00,F2286,118.131,24.269,8.35826839634756
2018-07-05 20:00:00,2018-07-13 08:00:00,F2286,118.131,24.269,10.648683737129305
2018-07-06 20:00:00,2018-07-14 08:00:00,F2286,118.131,24.269,7.396611176617262
2018-07-07 20:00:00,2018-07-15 08:00:00,F2286,118.131,24.269,11.38805891446243
2018-07-08 20:00:00,2018-07-16 08:00:00,F2286,118.131,24.269,11.739014589741695
2018-07-09 20:00:00,2018-07-17 08:00:00,F2286,118.131,24.269,14.430055872054204
2018-07-10 20:00:00,2018-07-18 08:00:00,F2286,118.131,24.269,14.61404461183914
2018-07-11 20:00:00,2018-07-19 08:00:00,F2286,118.131,24.269,12.704871911495465
2018-07-12 20:00:00,2018-07-20 08:00:00,F2286,118.131,24.269,22.20430081772906
2018-07-13 20:00:00,2018-07-21 08:00:00,F2286,118.131,24.269,9.823746805955027
2018-07-14 20:00:00,2018-07-22 08:00:00,F2286,118.131,24.269,11.29435544296617
2018-07-15 20:00:00,2018-07-23 08:00:00,F2286,118.131,24.269,9.945321445973864
2018-07-16 20:00:00,2018-07-24 08:00:00,F2286,118.131,24.269,17.919739440195738
2018-07-17 20:00:00,2018-07-25 08:00:00,F2286,118.131,24.269,9.287516251312043
2018-07-18 20:00:00,2018-07-26 08:00:00,F2286,118.131,24.269,7.238747596030092
2018-07-19 20:00:00,2018-07-27 08:00:00,F2286,118.131,24.269,9.24941410639452
2018-07-20 20:00:00,2018-07-28 08:00:00,F2286,118.131,24.269,6.949897481523048
2018-07-21 20:00:00,2018-07-29 08:00:00,F2286,118.131,24.269,7.3376229296821345
2018-07-22 20:00:00,2018-07-30 08:00:00,F2286,118.131,24.269,11.468131625828414
2018-07-23 20:00:00,2018-07-31 08:00:00,F2286,118.131,24.269,11.741087751066527
2018-07-24 20:00:00,2018-08-01 08:00:00,F2286,118.131,24.269,9.629554742882169
2018-07-25 20:00:00,2018-08-02 08:00:00,F2286,118.131,24.269,8.549273669275996
2018-07-26 20:00:00,2018-08-03 08:00:00,F2286,118.131,24.269,8.649777026762296
2018-07-27 20:00:00,2018-08-04 08:00:00,F2286,118.131,24.269,5.8211794834464525
2018-07-28 20:00:00,2018-08-05 08:00:00,F2286,118.131,24.269,5.746825254919733
2018-07-29 20:00:00,2018-08-06 08:00:00,F2286,118.131,24.269,7.459284342889072
2018-07-30 20:00:00,2018-08-07 08:00:00,F2286,118.131,24.269,7.951484638498784
2018-07-31 20:00:00,2018-08-08 08:00:00,F2286,118.131,24.269,11.365568395574654
2018-08-01 20:00:00,2018-08-09 08:00:00,F2286,118.131,24.269,7.968484116965128
2018-08-02 20:00:00,2018-08-10 08:00:00,F2286,118.131,24.269,7.142703132066897
2018-08-03 20:00:00,2018-08-11 08:00:00,F2286,118.131,24.269,9.054808044185112
2018-08-04 20:00:00,2018-08-12 08:00:00,F2286,118.131,24.269,6.89906927043563
2018-08-05 20:00:00,2018-08-13 08:00:00,F2286,118.131,24.269,11.21160287534741
2018-08-06 20:00:00,2018-08-14 08:00:00,F2286,118.131,24.269,7.007399156739488
2018-08-07 20:00:00,2018-08-15 08:00:00,F2286,118.131,24.269,11.48009982581483
2018-08-08 20:00:00,2018-08-16 08:00:00,F2286,118.131,24.269,16.242945606102047
2018-08-09 20:00:00,2018-08-17 08:00:00,F2286,118.131,24.269,12.207162117495795
2018-08-10 20:00:00,2018-08-18 08:00:00,F2286,118.131,24.269,8.95219605886342
2018-08-11 20:00:00,2018-08-19 08:00:00,F2286,118.131,24.269,10.499528589758588
2018-08-12 20:00:00,2018-08-20 08:00:00,F2286,118.131,24.269,9.630259818350874
2018-08-13 20:00:00,2018-08-21 08:00:00,F2286,118.131,24.269,11.785106693843437
2018-08-14 20:00:00,2018-08-22 08:00:00,F2286,118.131,24.269,9.676894855504829
2018-08-15 20:00:00,2018-08-23 08:00:00,F2286,118.131,24.269,11.968969043662335
2018-08-16 20:00:00,2018-08-24 08:00:00,F2286,118.131,24.269,9.603590969927854
2018-08-17 20:00:00,2018-08-25 08:00:00,F2286,118.131,24.269,11.270630070257802
2018-08-18 20:00:00,2018-08-26 08:00:00,F2286,118.131,24.269,11.868848644806473
2018-08-19 20:00:00,2018-08-27 08:00:00,F2286,118.131,24.269,16.22958571999888
2018-08-20 20:00:00,2018-08-28 08:00:00,F2286,118.131,24.269,17.636664757411204
2018-08-21 20:00:00,2018-08-29 08:00:00,F2286,118.131,24.269,11.597382649077899
2018-08-22 20:00:00,2018-08-30 08:00:00,F2286,118.131,24.269,12.348007143478839
2018-08-23 20:00:00,2018-08-31 08:00:00,F2286,118.131,24.269,10.83592390596947
2018-08-24 20:00:00,2018-09-01 08:00:00,F2286,118.131,24.269,7.5493847996973775
2018-08-25 20:00:00,2018-09-02 08:00:00,F2286,118.131,24.269,9.975344898067576
2018-08-26 20:00:00,2018-09-03 08:00:00,F2286,118.131,24.269,5.238485673176088
2018-08-27 20:00:00,2018-09-04 08:00:00,F2286,118.131,24.269,7.718499363523001
2018-08-28 20:00:00,2018-09-05 08:00:00,F2286,118.131,24.269,7.543575937935754
2018-08-29 20:00:00,2018-09-06 08:00:00,F2286,118.131,24.269,8.627028277223342
2018-08-30 20:00:00,2018-09-07 08:00:00,F2286,118.131,24.269,6.29332393844888
2018-08-31 20:00:00,2018-09-08 08:00:00,F2286,118.131,24.269,8.972142996563978
2018-09-01 20:00:00,2018-09-09 08:00:00,F2286,118.131,24.269,15.698875391497348
2018-09-02 20:00:00,2018-09-10 08:00:00,F2286,118.131,24.269,18.64403011002494
2018-09-03 20:00:00,2018-09-11 08:00:00,F2286,118.131,24.269,12.396845817058404
2018-09-04 20:00:00,2018-09-12 08:00:00,F2286,118.131,24.269,6.531083061037305
2018-09-05 20:00:00,2018-09-13 08:00:00,F2286,118.131,24.269,5.303758820880317
2018-09-06 20:00:00,2018-09-14 08:00:00,F2286,118.131,24.269,8.806791489929793
2018-09-07 20:00:00,2018-09-15 08:00:00,F2286,118.131,24.269,12.440937342304494
2018-09-08 20:00:00,2018-09-16 08:00:00,F2286,118.131,24.269,20.22099868317352
2018-09-09 20:00:00,2018-09-17 08:00:00,F2286,118.131,24.269,9.964060811771137
2018-09-10 20:00:00,2018-09-18 08:00:00,F2286,118.131,24.269,9.463578741805234
2018-09-11 20:00:00,2018-09-19 08:00:00,F2286,118.131,24.269,10.516085752801732
2018-09-12 20:00:00,2018-09-20 08:00:00,F2286,118.131,24.269,4.98144400245631
2018-09-13 20:00:00,2018-09-21 08:00:00,F2286,118.131,24.269,6.638436939098238
2018-09-14 20:00:00,2018-09-22 08:00:00,F2286,118.131,24.269,6.115345341818715
2018-09-15 20:00:00,2018-09-23 08:00:00,F2286,118.131,24.269,5.865562954481307
2018-09-16 20:00:00,2018-09-24 08:00:00,F2286,118.131,24.269,14.44835789074565
2018-09-17 20:00:00,2018-09-25 08:00:00,F2286,118.131,24.269,16.844306171960472
2018-09-18 20:00:00,2018-09-26 08:00:00,F2286,118.131,24.269,14.26895631892675
2018-09-19 20:00:00,2018-09-27 08:00:00,F2286,118.131,24.269,11.205405956441341
2018-09-20 20:00:00,2018-09-28 08:00:00,F2286,118.131,24.269,7.644157094858103
2018-09-21 20:00:00,2018-09-29 08:00:00,F2286,118.131,24.269,14.683028719417482
2018-09-22 20:00:00,2018-09-30 08:00:00,F2286,118.131,24.269,14.516304410453081
2018-09-23 20:00:00,2018-10-01 08:00:00,F2286,118.131,24.269,12.980171982180511
2018-09-24 20:00:00,2018-10-02 08:00:00,F2286,118.131,24.269,11.712619217728115
2018-09-25 20:00:00,2018-10-03 08:00:00,F2286,118.131,24.269,18.115821706932298
2018-09-26 20:00:00,2018-10-04 08:00:00,F2286,118.131,24.269,16.125909981453713
2018-09-27 20:00:00,2018-10-05 08:00:00,F2286,118.131,24.269,18.490347110014905
2018-09-28 20:00:00,2018-10-06 08:00:00,F2286,118.131,24.269,10.896244702092247
2018-09-29 20:00:00,2018-10-07 08:00:00,F2286,118.131,24.269,10.38770556779951
2018-10-01 20:00:00,2018-10-09 08:00:00,F2286,118.131,24.269,15.194760879729829
2018-10-02 20:00:00,2018-10-10 08:00:00,F2286,118.131,24.269,17.26956072260478
2018-10-03 20:00:00,2018-10-11 08:00:00,F2286,118.131,24.269,16.490491531111406
2018-10-05 20:00:00,2018-10-13 08:00:00,F2286,118.131,24.269,15.291161762569844
2018-10-06 20:00:00,2018-10-14 08:00:00,F2286,118.131,24.269,13.563455393788802
2018-10-07 20:00:00,2018-10-15 08:00:00,F2286,118.131,24.269,11.200501817211213
2018-10-08 20:00:00,2018-10-16 08:00:00,F2286,118.131,24.269,11.86225614076531
2018-10-09 20:00:00,2018-10-17 08:00:00,F2286,118.131,24.269,16.56338443678669
2018-10-10 20:00:00,2018-10-18 08:00:00,F2286,118.131,24.269,15.167025709274158
2018-10-11 20:00:00,2018-10-19 08:00:00,F2286,118.131,24.269,17.766893314388316
2018-10-12 20:00:00,2018-10-20 08:00:00,F2286,118.131,24.269,13.464960413467235
2018-10-13 20:00:00,2018-10-21 08:00:00,F2286,118.131,24.269,11.480098068491511
2018-10-14 20:00:00,2018-10-22 08:00:00,F2286,118.131,24.269,8.775232640516746
2018-10-15 20:00:00,2018-10-23 08:00:00,F2286,118.131,24.269,6.931150803142312
2018-10-16 20:00:00,2018-10-24 08:00:00,F2286,118.131,24.269,12.237804969193686
2018-10-17 20:00:00,2018-10-25 08:00:00,F2286,118.131,24.269,9.450817794407962
2018-10-18 20:00:00,2018-10-26 08:00:00,F2286,118.131,24.269,9.610719382855448
2018-10-19 20:00:00,2018-10-27 08:00:00,F2286,118.131,24.269,17.38479269982114
2018-10-20 20:00:00,2018-10-28 08:00:00,F2286,118.131,24.269,10.89140071868097
2018-10-21 20:00:00,2018-10-29 08:00:00,F2286,118.131,24.269,14.39370704187018
2018-10-22 20:00:00,2018-10-30 08:00:00,F2286,118.131,24.269,18.977439196619667
2018-10-23 20:00:00,2018-10-31 08:00:00,F2286,118.131,24.269,14.619496600062227
2018-10-28 20:00:00,2018-11-05 08:00:00,F2286,118.131,24.269,13.725046756774221
2018-11-01 20:00:00,2018-11-09 08:00:00,F2286,118.131,24.269,5.702235101727165
2018-11-02 20:00:00,2018-11-10 08:00:00,F2286,118.131,24.269,10.768957418834963
2018-11-03 20:00:00,2018-11-11 08:00:00,F2286,118.131,24.269,12.507813711675956
2018-11-04 20:00:00,2018-11-12 08:00:00,F2286,118.131,24.269,4.77625444502737
2018-11-05 20:00:00,2018-11-13 08:00:00,F2286,118.131,24.269,12.849043059391336
2018-11-06 20:00:00,2018-11-14 08:00:00,F2286,118.131,24.269,12.741321377703585
2018-11-07 20:00:00,2018-11-15 08:00:00,F2286,118.131,24.269,15.787769129881294
2018-11-08 20:00:00,2018-11-16 08:00:00,F2286,118.131,24.269,4.792052780126611
2018-11-09 20:00:00,2018-11-17 08:00:00,F2286,118.131,24.269,10.310421685738053
2018-11-10 20:00:00,2018-11-18 08:00:00,F2286,118.131,24.269,15.273329730512547
2018-11-11 20:00:00,2018-11-19 08:00:00,F2286,118.131,24.269,15.25867187846606
2018-11-12 20:00:00,2018-11-20 08:00:00,F2286,118.131,24.269,16.07180056524076
2018-11-13 20:00:00,2018-11-21 08:00:00,F2286,118.131,24.269,12.445750969531598
2018-11-14 20:00:00,2018-11-22 08:00:00,F2286,118.131,24.269,15.964521198236975
2018-11-15 20:00:00,2018-11-23 08:00:00,F2286,118.131,24.269,15.09220733361192
2018-11-16 20:00:00,2018-11-24 08:00:00,F2286,118.131,24.269,14.825436580469713
2018-11-17 20:00:00,2018-11-25 08:00:00,F2286,118.131,24.269,15.472416189122615
2018-11-18 20:00:00,2018-11-26 08:00:00,F2286,118.131,24.269,7.804446232976527
2018-11-19 20:00:00,2018-11-27 08:00:00,F2286,118.131,24.269,10.38400632420482
2018-11-20 20:00:00,2018-11-28 08:00:00,F2286,118.131,24.269,12.25120448296679
2018-11-21 20:00:00,2018-11-29 08:00:00,F2286,118.131,24.269,10.732739698910494
2018-11-22 20:00:00,2018-11-30 08:00:00,F2286,118.131,24.269,8.071101293663133
2018-11-23 20:00:00,2018-12-01 08:00:00,F2286,118.131,24.269,9.076415882533423
2018-11-24 20:00:00,2018-12-02 08:00:00,F2286,118.131,24.269,11.2032366295806
2018-11-25 20:00:00,2018-12-03 08:00:00,F2286,118.131,24.269,6.288758041715827
2018-11-26 20:00:00,2018-12-04 08:00:00,F2286,118.131,24.269,4.491218361347428
2018-11-27 20:00:00,2018-12-05 08:00:00,F2286,118.131,24.269,14.106811663695204
2018-11-28 20:00:00,2018-12-06 08:00:00,F2286,118.131,24.269,6.992317565237439
2018-11-29 20:00:00,2018-12-07 08:00:00,F2286,118.131,24.269,18.55430574838124
2018-11-30 20:00:00,2018-12-08 08:00:00,F2286,118.131,24.269,17.850065153983916
2018-12-01 20:00:00,2018-12-09 08:00:00,F2286,118.131,24.269,14.70242295599856
2018-12-02 20:00:00,2018-12-10 08:00:00,F2286,118.131,24.269,18.17365452072427
2018-12-03 20:00:00,2018-12-11 08:00:00,F2286,118.131,24.269,8.48084100005382
2018-12-05 20:00:00,2018-12-13 08:00:00,F2286,118.131,24.269,11.825213804202305
2018-12-06 20:00:00,2018-12-14 08:00:00,F2286,118.131,24.269,13.145060598630485
2018-12-08 20:00:00,2018-12-16 08:00:00,F2286,118.131,24.269,5.006369687440298
2018-12-09 20:00:00,2018-12-17 08:00:00,F2286,118.131,24.269,15.250818002163394
2018-12-10 20:00:00,2018-12-18 08:00:00,F2286,118.131,24.269,11.598516350149913
2018-12-11 20:00:00,2018-12-19 08:00:00,F2286,118.131,24.269,5.804175043287263
2018-12-12 20:00:00,2018-12-20 08:00:00,F2286,118.131,24.269,4.562991882713863
2018-12-13 20:00:00,2018-12-21 08:00:00,F2286,118.131,24.269,8.9338704562824
2018-12-14 20:00:00,2018-12-22 08:00:00,F2286,118.131,24.269,12.484884519104808
2018-12-15 20:00:00,2018-12-23 08:00:00,F2286,118.131,24.269,17.476026006317305
2018-12-16 20:00:00,2018-12-24 08:00:00,F2286,118.131,24.269,15.758709258459794
2018-12-17 20:00:00,2018-12-25 08:00:00,F2286,118.131,24.269,5.19242021597689
2018-12-18 20:00:00,2018-12-26 08:00:00,F2286,118.131,24.269,19.66658350627453
2018-12-19 20:00:00,2018-12-27 08:00:00,F2286,118.131,24.269,21.70587665376901
2018-12-20 20:00:00,2018-12-28 08:00:00,F2286,118.131,24.269,21.805263043302674
2018-12-21 20:00:00,2018-12-29 08:00:00,F2286,118.131,24.269,21.82333673372539
2018-12-22 20:00:00,2018-12-30 08:00:00,F2286,118.131,24.269,16.76236762925851
2018-12-23 20:00:00,2018-12-31 08:00:00,F2286,118.131,24.269,19.281413242770828
2018-12-24 20:00:00,2019-01-01 08:00:00,F2286,118.131,24.269,18.183222082855714
2018-12-25 20:00:00,2019-01-02 08:00:00,F2286,118.131,24.269,14.742628430807967
2018-12-27 20:00:00,2019-01-04 08:00:00,F2286,118.131,24.269,14.604536806667536
2018-12-28 20:00:00,2019-01-05 08:00:00,F2286,118.131,24.269,12.963110738770366
2018-12-29 20:00:00,2019-01-06 08:00:00,F2286,118.131,24.269,13.052546189848194
