now_time,predict_time,id,lon,lat,MSL
2015-07-01 08:00:00,2015-07-09 20:00:00,F6054,117.689,23.533,1.7071668597462804
2015-07-02 08:00:00,2015-07-10 20:00:00,F6054,117.689,23.533,1.8027663118942885
2015-07-03 08:00:00,2015-07-11 20:00:00,F6054,117.689,23.533,0.8902441993462844
2015-07-04 08:00:00,2015-07-12 20:00:00,F6054,117.689,23.533,1.5124383367261771
2015-07-05 08:00:00,2015-07-13 20:00:00,F6054,117.689,23.533,0.6545254852833295
2015-07-06 08:00:00,2015-07-14 20:00:00,F6054,117.689,23.533,0.11138423803856767
2015-07-07 08:00:00,2015-07-15 20:00:00,F6054,117.689,23.533,0.3708979783724544
2015-07-08 08:00:00,2015-07-16 20:00:00,F6054,117.689,23.533,1.2862618229514735
2015-07-09 08:00:00,2015-07-17 20:00:00,F6054,117.689,23.533,0.3143737159743978
2015-07-10 08:00:00,2015-07-18 20:00:00,F6054,117.689,23.533,0.364809733002744
2015-07-11 08:00:00,2015-07-19 20:00:00,F6054,117.689,23.533,0.6443181686400976
2015-07-12 08:00:00,2015-07-20 20:00:00,F6054,117.689,23.533,1.8317542723521
2015-07-13 08:00:00,2015-07-21 20:00:00,F6054,117.689,23.533,0.2329018397447271
2015-07-14 08:00:00,2015-07-22 20:00:00,F6054,117.689,23.533,2.206216432591418
2015-07-15 08:00:00,2015-07-23 20:00:00,F6054,117.689,23.533,1.4476150213923802
2015-07-16 08:00:00,2015-07-24 20:00:00,F6054,117.689,23.533,0.02811648913007048
2015-07-17 08:00:00,2015-07-25 20:00:00,F6054,117.689,23.533,0.8217387314076632
2015-07-18 08:00:00,2015-07-26 20:00:00,F6054,117.689,23.533,0.39134878696222586
2015-07-19 08:00:00,2015-07-27 20:00:00,F6054,117.689,23.533,0.5135221209725387
2015-07-21 08:00:00,2015-07-29 20:00:00,F6054,117.689,23.533,0.6549790679963508
2015-07-22 08:00:00,2015-07-30 20:00:00,F6054,117.689,23.533,0.7893112805514875
2015-07-23 08:00:00,2015-07-31 20:00:00,F6054,117.689,23.533,0.7086020295353137
2015-07-24 08:00:00,2015-08-01 20:00:00,F6054,117.689,23.533,0.8596981865956651
2015-07-25 08:00:00,2015-08-02 20:00:00,F6054,117.689,23.533,0.4217387314077996
2015-07-26 08:00:00,2015-08-03 20:00:00,F6054,117.689,23.533,0.8765532769648416
2015-07-27 08:00:00,2015-08-04 20:00:00,F6054,117.689,23.533,1.5380251177012951
2015-07-28 08:00:00,2015-08-05 20:00:00,F6054,117.689,23.533,1.5028759888406285
2015-07-29 08:00:00,2015-08-06 20:00:00,F6054,117.689,23.533,2.6642174012933992
2015-07-30 08:00:00,2015-08-07 20:00:00,F6054,117.689,23.533,2.7039710880120538
2015-08-01 08:00:00,2015-08-09 20:00:00,F6054,117.689,23.533,3.1266744296632405
2015-08-02 08:00:00,2015-08-10 20:00:00,F6054,117.689,23.533,0.7154418752112406
2015-08-03 08:00:00,2015-08-11 20:00:00,F6054,117.689,23.533,0.4471174020541184
2015-08-04 08:00:00,2015-08-12 20:00:00,F6054,117.689,23.533,0.6210417062827673
2015-08-05 08:00:00,2015-08-13 20:00:00,F6054,117.689,23.533,0.5691184539780352
2015-08-06 08:00:00,2015-08-14 20:00:00,F6054,117.689,23.533,0.980947021108932
2015-08-07 08:00:00,2015-08-15 20:00:00,F6054,117.689,23.533,0.6355468449382897
2015-08-08 08:00:00,2015-08-16 20:00:00,F6054,117.689,23.533,0.3999535906210667
2015-08-09 08:00:00,2015-08-17 20:00:00,F6054,117.689,23.533,0.7991082922136457
2015-08-10 08:00:00,2015-08-18 20:00:00,F6054,117.689,23.533,0.3873031484147305
2015-08-11 08:00:00,2015-08-19 20:00:00,F6054,117.689,23.533,0.5094885757707743
2015-08-12 08:00:00,2015-08-20 20:00:00,F6054,117.689,23.533,1.0276893161712906
2015-08-13 08:00:00,2015-08-21 20:00:00,F6054,117.689,23.533,1.1632775589137054
2015-08-14 08:00:00,2015-08-22 20:00:00,F6054,117.689,23.533,1.2755689623785431
2015-08-15 08:00:00,2015-08-23 20:00:00,F6054,117.689,23.533,1.7434293282223052
2015-08-16 08:00:00,2015-08-24 20:00:00,F6054,117.689,23.533,1.6779908841301676
2015-08-17 08:00:00,2015-08-25 20:00:00,F6054,117.689,23.533,0.8266651194392125
2015-08-18 08:00:00,2015-08-26 20:00:00,F6054,117.689,23.533,1.2847984515733517
2015-08-19 08:00:00,2015-08-27 20:00:00,F6054,117.689,23.533,1.8908929453449448
2015-08-20 08:00:00,2015-08-28 20:00:00,F6054,117.689,23.533,1.8012760579508722
2015-08-21 08:00:00,2015-08-29 20:00:00,F6054,117.689,23.533,0.02377927621989784
2015-08-22 08:00:00,2015-08-30 20:00:00,F6054,117.689,23.533,0.19691425287840048
2015-08-23 08:00:00,2015-08-31 20:00:00,F6054,117.689,23.533,0.7613159027766869
2015-08-24 08:00:00,2015-09-01 20:00:00,F6054,117.689,23.533,0.4080121351526032
2015-08-25 08:00:00,2015-09-02 20:00:00,F6054,117.689,23.533,1.0366954287976569
2015-08-26 08:00:00,2015-09-03 20:00:00,F6054,117.689,23.533,1.0133366057982585
2015-08-27 08:00:00,2015-09-04 20:00:00,F6054,117.689,23.533,0.6519895900610209
2015-08-28 08:00:00,2015-09-05 20:00:00,F6054,117.689,23.533,0.6157207316879294
2015-08-29 08:00:00,2015-09-06 20:00:00,F6054,117.689,23.533,0.7993545584613457
2015-08-30 08:00:00,2015-09-07 20:00:00,F6054,117.689,23.533,1.5484911984337941
2015-08-31 08:00:00,2015-09-08 20:00:00,F6054,117.689,23.533,1.7446976987225753
2015-09-01 08:00:00,2015-09-09 20:00:00,F6054,117.689,23.533,1.9009665110519336
2015-09-03 08:00:00,2015-09-11 20:00:00,F6054,117.689,23.533,1.9807467623064667
2015-09-04 08:00:00,2015-09-12 20:00:00,F6054,117.689,23.533,2.194453711367487
2015-09-05 08:00:00,2015-09-13 20:00:00,F6054,117.689,23.533,3.4108146309717995
2015-09-06 08:00:00,2015-09-14 20:00:00,F6054,117.689,23.533,2.24387795368898
2015-09-07 08:00:00,2015-09-15 20:00:00,F6054,117.689,23.533,2.70331837220715
2015-09-08 08:00:00,2015-09-16 20:00:00,F6054,117.689,23.533,2.970750076051445
2015-09-09 08:00:00,2015-09-17 20:00:00,F6054,117.689,23.533,2.3591795189355484
2015-09-10 08:00:00,2015-09-18 20:00:00,F6054,117.689,23.533,2.4813460411340884
2015-09-11 08:00:00,2015-09-19 20:00:00,F6054,117.689,23.533,1.3788301191067376
2015-09-12 08:00:00,2015-09-20 20:00:00,F6054,117.689,23.533,1.0482861933173808
2015-09-14 08:00:00,2015-09-22 20:00:00,F6054,117.689,23.533,1.6129647823702271
2015-09-15 08:00:00,2015-09-23 20:00:00,F6054,117.689,23.533,1.2931168570532918
2015-09-16 08:00:00,2015-09-24 20:00:00,F6054,117.689,23.533,1.0247076215729294
2015-09-17 08:00:00,2015-09-25 20:00:00,F6054,117.689,23.533,0.8245209399112808
2015-09-18 08:00:00,2015-09-26 20:00:00,F6054,117.689,23.533,1.6588301191065966
2015-09-19 08:00:00,2015-09-27 20:00:00,F6054,117.689,23.533,2.648840598262609
2015-09-20 08:00:00,2015-09-28 20:00:00,F6054,117.689,23.533,1.9488625073018968
2015-09-21 08:00:00,2015-09-29 20:00:00,F6054,117.689,23.533,1.8200326769532469
2015-09-22 08:00:00,2015-09-30 20:00:00,F6054,117.689,23.533,1.6393121036754792
2015-09-23 08:00:00,2015-10-01 20:00:00,F6054,117.689,23.533,0.7046245746272461
2015-09-24 08:00:00,2015-10-02 20:00:00,F6054,117.689,23.533,3.4626271505261457
2015-09-25 08:00:00,2015-10-03 20:00:00,F6054,117.689,23.533,2.138877585765613
2015-09-26 08:00:00,2015-10-04 20:00:00,F6054,117.689,23.533,4.1747727327984885
2015-09-27 08:00:00,2015-10-05 20:00:00,F6054,117.689,23.533,2.3709124352876643
2015-09-28 08:00:00,2015-10-06 20:00:00,F6054,117.689,23.533,1.4081309994918456
2015-09-29 08:00:00,2015-10-07 20:00:00,F6054,117.689,23.533,1.220997067716212
2015-09-30 08:00:00,2015-10-08 20:00:00,F6054,117.689,23.533,2.519291292370326
2015-10-02 08:00:00,2015-10-10 20:00:00,F6054,117.689,23.533,2.618552263391507
2015-10-03 08:00:00,2015-10-11 20:00:00,F6054,117.689,23.533,3.3796506150488312
2015-10-04 08:00:00,2015-10-12 20:00:00,F6054,117.689,23.533,3.231221172165533
2015-10-05 08:00:00,2015-10-13 20:00:00,F6054,117.689,23.533,3.429182832680567
2015-10-06 08:00:00,2015-10-14 20:00:00,F6054,117.689,23.533,2.494143132622071
2015-10-07 08:00:00,2015-10-15 20:00:00,F6054,117.689,23.533,2.9025304590630867
2015-10-09 08:00:00,2015-10-17 20:00:00,F6054,117.689,23.533,3.7589566510474697
2015-10-10 08:00:00,2015-10-18 20:00:00,F6054,117.689,23.533,2.394186495963368
2015-10-11 08:00:00,2015-10-19 20:00:00,F6054,117.689,23.533,2.360483650219976
2015-10-12 08:00:00,2015-10-20 20:00:00,F6054,117.689,23.533,1.9157175414038647
2015-10-13 08:00:00,2015-10-21 20:00:00,F6054,117.689,23.533,4.1373541031657615
2015-10-14 08:00:00,2015-10-22 20:00:00,F6054,117.689,23.533,2.5327931936913046
2015-10-15 08:00:00,2015-10-23 20:00:00,F6054,117.689,23.533,2.1840759429388754
2015-10-16 08:00:00,2015-10-24 20:00:00,F6054,117.689,23.533,1.3655214900245485
2015-10-17 08:00:00,2015-10-25 20:00:00,F6054,117.689,23.533,1.392786753875498
2015-10-18 08:00:00,2015-10-26 20:00:00,F6054,117.689,23.533,1.5867261153567824
2015-10-19 08:00:00,2015-10-27 20:00:00,F6054,117.689,23.533,2.2110071204617725
2015-10-20 08:00:00,2015-10-28 20:00:00,F6054,117.689,23.533,1.471711972918115
2015-10-21 08:00:00,2015-10-29 20:00:00,F6054,117.689,23.533,1.6316514642662696
2015-10-22 08:00:00,2015-10-30 20:00:00,F6054,117.689,23.533,2.229657224154039
2015-10-23 08:00:00,2015-10-31 20:00:00,F6054,117.689,23.533,3.30363909527398
2015-10-24 08:00:00,2015-11-01 20:00:00,F6054,117.689,23.533,2.9017901261365755
2015-10-25 08:00:00,2015-11-02 20:00:00,F6054,117.689,23.533,2.8988255197989474
2015-10-26 08:00:00,2015-11-03 20:00:00,F6054,117.689,23.533,2.2079782073484457
2015-10-27 08:00:00,2015-11-04 20:00:00,F6054,117.689,23.533,2.197124770171399
2015-10-28 08:00:00,2015-11-05 20:00:00,F6054,117.689,23.533,2.3142883465479827
2015-10-29 08:00:00,2015-11-06 20:00:00,F6054,117.689,23.533,1.3447622536424433
2015-10-30 08:00:00,2015-11-07 20:00:00,F6054,117.689,23.533,2.4902092844672548
2015-11-01 08:00:00,2015-11-09 20:00:00,F6054,117.689,23.533,2.2550297772082786
2015-11-02 08:00:00,2015-11-10 20:00:00,F6054,117.689,23.533,2.887085438035797
2015-11-03 08:00:00,2015-11-11 20:00:00,F6054,117.689,23.533,2.1632120985324264
2015-11-04 08:00:00,2015-11-12 20:00:00,F6054,117.689,23.533,1.439493952854377
2015-11-05 08:00:00,2015-11-13 20:00:00,F6054,117.689,23.533,1.971673373305748
2015-11-07 08:00:00,2015-11-15 20:00:00,F6054,117.689,23.533,2.281200770159103
2015-11-08 08:00:00,2015-11-16 20:00:00,F6054,117.689,23.533,1.466851178928664
2015-11-09 08:00:00,2015-11-17 20:00:00,F6054,117.689,23.533,2.212998241431592
2015-11-10 08:00:00,2015-11-18 20:00:00,F6054,117.689,23.533,1.9935811494589188
2015-11-11 08:00:00,2015-11-19 20:00:00,F6054,117.689,23.533,3.1857550316711922
2015-11-12 08:00:00,2015-11-20 20:00:00,F6054,117.689,23.533,2.648072892522009
2015-11-13 08:00:00,2015-11-21 20:00:00,F6054,117.689,23.533,1.6617805590442458
2015-11-14 08:00:00,2015-11-22 20:00:00,F6054,117.689,23.533,0.9660543503232476
2015-11-15 08:00:00,2015-11-23 20:00:00,F6054,117.689,23.533,1.597943997548441
2015-11-16 08:00:00,2015-11-24 20:00:00,F6054,117.689,23.533,2.6639566483354438
2015-11-17 08:00:00,2015-11-25 20:00:00,F6054,117.689,23.533,2.7294036791599865
2015-11-18 08:00:00,2015-11-26 20:00:00,F6054,117.689,23.533,3.8783205703875865
2015-11-19 08:00:00,2015-11-27 20:00:00,F6054,117.689,23.533,3.6733777715139695
2015-11-20 08:00:00,2015-11-28 20:00:00,F6054,117.689,23.533,2.606025309168558
2015-11-21 08:00:00,2015-11-29 20:00:00,F6054,117.689,23.533,2.6998201396959303
2015-11-22 08:00:00,2015-11-30 20:00:00,F6054,117.689,23.533,2.7486793367604605
2015-11-23 08:00:00,2015-12-01 20:00:00,F6054,117.689,23.533,2.6155674496508254
2015-11-24 08:00:00,2015-12-02 20:00:00,F6054,117.689,23.533,2.8825700993600094
2015-11-25 08:00:00,2015-12-03 20:00:00,F6054,117.689,23.533,2.8259850649695863
2015-11-26 08:00:00,2015-12-04 20:00:00,F6054,117.689,23.533,2.743666106384921
2015-11-27 08:00:00,2015-12-05 20:00:00,F6054,117.689,23.533,4.046344387648446
2015-11-28 08:00:00,2015-12-06 20:00:00,F6054,117.689,23.533,3.4682630522568165
2015-11-29 08:00:00,2015-12-07 20:00:00,F6054,117.689,23.533,2.588374825691858
2015-11-30 08:00:00,2015-12-08 20:00:00,F6054,117.689,23.533,1.8950126889474177
2016-01-01 08:00:00,2016-01-09 20:00:00,F6054,117.689,23.533,3.186907088272505
2016-01-02 08:00:00,2016-01-10 20:00:00,F6054,117.689,23.533,2.163229186793614
2016-01-03 08:00:00,2016-01-11 20:00:00,F6054,117.689,23.533,2.00952634104965
2016-01-04 08:00:00,2016-01-12 20:00:00,F6054,117.689,23.533,2.309855853247541
2016-01-05 08:00:00,2016-01-13 20:00:00,F6054,117.689,23.533,3.387614285361792
2016-01-06 08:00:00,2016-01-14 20:00:00,F6054,117.689,23.533,3.1353433348638187
2016-01-07 08:00:00,2016-01-15 20:00:00,F6054,117.689,23.533,3.152569764524742
2016-01-08 08:00:00,2016-01-16 20:00:00,F6054,117.689,23.533,3.1126203503265515
2016-01-09 08:00:00,2016-01-17 20:00:00,F6054,117.689,23.533,3.9137078135285037
2016-01-10 08:00:00,2016-01-18 20:00:00,F6054,117.689,23.533,3.1614532152613037
2016-01-11 08:00:00,2016-01-19 20:00:00,F6054,117.689,23.533,2.263828465621714
2016-01-12 08:00:00,2016-01-20 20:00:00,F6054,117.689,23.533,1.304527250400838
2016-01-13 08:00:00,2016-01-21 20:00:00,F6054,117.689,23.533,3.267038351649944
2016-01-14 08:00:00,2016-01-22 20:00:00,F6054,117.689,23.533,2.386335918290001
2016-01-15 08:00:00,2016-01-23 20:00:00,F6054,117.689,23.533,3.6981217650761664
2016-01-16 08:00:00,2016-01-24 20:00:00,F6054,117.689,23.533,3.701463262183779
2016-01-17 08:00:00,2016-01-25 20:00:00,F6054,117.689,23.533,4.413802366573236
2016-01-18 08:00:00,2016-01-26 20:00:00,F6054,117.689,23.533,2.958284671165188
2016-01-19 08:00:00,2016-01-27 20:00:00,F6054,117.689,23.533,1.6833310373780248
2016-01-20 08:00:00,2016-01-28 20:00:00,F6054,117.689,23.533,2.1577896597226527
2016-01-21 08:00:00,2016-01-29 20:00:00,F6054,117.689,23.533,1.281054252285344
2016-01-22 08:00:00,2016-01-30 20:00:00,F6054,117.689,23.533,1.5804440850022274
2016-01-23 08:00:00,2016-01-31 20:00:00,F6054,117.689,23.533,2.4126692704766133
2016-01-24 08:00:00,2016-02-01 20:00:00,F6054,117.689,23.533,3.5793886006962343
2016-01-25 08:00:00,2016-02-02 20:00:00,F6054,117.689,23.533,3.946866069563498
2016-01-26 08:00:00,2016-02-03 20:00:00,F6054,117.689,23.533,2.4679116310196605
2016-01-27 08:00:00,2016-02-04 20:00:00,F6054,117.689,23.533,2.0790292780174013
2016-01-28 08:00:00,2016-02-05 20:00:00,F6054,117.689,23.533,2.7504494620862943
2016-01-29 08:00:00,2016-02-06 20:00:00,F6054,117.689,23.533,2.8358681359213733
2016-01-30 08:00:00,2016-02-07 20:00:00,F6054,117.689,23.533,1.1619067203496345
2016-01-31 08:00:00,2016-02-08 20:00:00,F6054,117.689,23.533,1.8180578140584205
2016-02-01 08:00:00,2016-02-09 20:00:00,F6054,117.689,23.533,1.9707035365183856
2016-02-02 08:00:00,2016-02-10 20:00:00,F6054,117.689,23.533,2.0232753495042743
2016-02-03 08:00:00,2016-02-11 20:00:00,F6054,117.689,23.533,0.7344551648593551
2016-02-04 08:00:00,2016-02-12 20:00:00,F6054,117.689,23.533,0.16488744934292754
2016-02-05 08:00:00,2016-02-13 20:00:00,F6054,117.689,23.533,0.9563548519267896
2016-02-06 08:00:00,2016-02-14 20:00:00,F6054,117.689,23.533,1.3766996071949509
2016-02-07 08:00:00,2016-02-15 20:00:00,F6054,117.689,23.533,3.1258811929765216
2016-02-08 08:00:00,2016-02-16 20:00:00,F6054,117.689,23.533,2.5472286876020007
2016-02-09 08:00:00,2016-02-17 20:00:00,F6054,117.689,23.533,1.3888143231824872
2016-02-10 08:00:00,2016-02-18 20:00:00,F6054,117.689,23.533,1.3459576921555936
2016-02-11 08:00:00,2016-02-19 20:00:00,F6054,117.689,23.533,2.0395266492112114
2016-02-12 08:00:00,2016-02-20 20:00:00,F6054,117.689,23.533,2.906536027548781
2016-02-13 08:00:00,2016-02-21 20:00:00,F6054,117.689,23.533,3.8784437920908212
2016-02-14 08:00:00,2016-02-22 20:00:00,F6054,117.689,23.533,2.189138165391228
2016-02-15 08:00:00,2016-02-23 20:00:00,F6054,117.689,23.533,1.2955444139953445
2016-02-16 08:00:00,2016-02-24 20:00:00,F6054,117.689,23.533,2.61062781184944
2016-02-17 08:00:00,2016-02-25 20:00:00,F6054,117.689,23.533,1.6300781532186193
2016-02-18 08:00:00,2016-02-26 20:00:00,F6054,117.689,23.533,1.5666123205134
2016-02-19 08:00:00,2016-02-27 20:00:00,F6054,117.689,23.533,3.4828824101170994
2016-02-20 08:00:00,2016-02-28 20:00:00,F6054,117.689,23.533,2.1610334409795087
2016-02-21 08:00:00,2016-02-29 20:00:00,F6054,117.689,23.533,2.021518544691162
2016-02-22 08:00:00,2016-03-01 20:00:00,F6054,117.689,23.533,0.4927194945751126
2016-02-23 08:00:00,2016-03-02 20:00:00,F6054,117.689,23.533,2.1550237095317466
2016-02-24 08:00:00,2016-03-03 20:00:00,F6054,117.689,23.533,0.6701160527846923
2016-02-25 08:00:00,2016-03-04 20:00:00,F6054,117.689,23.533,0.7692488410922351
2016-02-26 08:00:00,2016-03-05 20:00:00,F6054,117.689,23.533,1.4295516505252408
2016-02-27 08:00:00,2016-03-06 20:00:00,F6054,117.689,23.533,0.8956608879257146
2016-02-28 08:00:00,2016-03-07 20:00:00,F6054,117.689,23.533,1.3226843489404698
2016-02-29 08:00:00,2016-03-08 20:00:00,F6054,117.689,23.533,0.5628846077431717
2016-03-01 08:00:00,2016-03-09 20:00:00,F6054,117.689,23.533,3.420515201431272
2016-03-02 08:00:00,2016-03-10 20:00:00,F6054,117.689,23.533,3.7269655755153512
2016-03-03 08:00:00,2016-03-11 20:00:00,F6054,117.689,23.533,3.3208782471543827
2016-03-04 08:00:00,2016-03-12 20:00:00,F6054,117.689,23.533,2.2155194836144574
2016-03-05 08:00:00,2016-03-13 20:00:00,F6054,117.689,23.533,2.1452949561416967
2016-03-06 08:00:00,2016-03-14 20:00:00,F6054,117.689,23.533,1.0205496586313532
2016-03-07 08:00:00,2016-03-15 20:00:00,F6054,117.689,23.533,0.9365683438173846
2016-03-08 08:00:00,2016-03-16 20:00:00,F6054,117.689,23.533,0.7764190265739899
2016-03-09 08:00:00,2016-03-17 20:00:00,F6054,117.689,23.533,0.4642328589330873
2016-03-10 08:00:00,2016-03-18 20:00:00,F6054,117.689,23.533,0.2819905170678112
2016-03-11 08:00:00,2016-03-19 20:00:00,F6054,117.689,23.533,2.4134369762176675
2016-03-12 08:00:00,2016-03-20 20:00:00,F6054,117.689,23.533,0.5874217809940774
2016-03-13 08:00:00,2016-03-21 20:00:00,F6054,117.689,23.533,0.826100561448925
2016-03-14 08:00:00,2016-03-22 20:00:00,F6054,117.689,23.533,0.7405456123628937
2016-03-15 08:00:00,2016-03-23 20:00:00,F6054,117.689,23.533,3.028468793404727
2016-03-16 08:00:00,2016-03-24 20:00:00,F6054,117.689,23.533,3.0450200489608505
2016-03-17 08:00:00,2016-03-25 20:00:00,F6054,117.689,23.533,2.0175837309312783
2016-03-18 08:00:00,2016-03-26 20:00:00,F6054,117.689,23.533,1.447533378211574
2016-03-19 08:00:00,2016-03-27 20:00:00,F6054,117.689,23.533,2.479050805430916
2016-03-20 08:00:00,2016-03-28 20:00:00,F6054,117.689,23.533,1.237238945288027
2016-03-21 08:00:00,2016-03-29 20:00:00,F6054,117.689,23.533,0.6721676824066662
2016-03-22 08:00:00,2016-03-30 20:00:00,F6054,117.689,23.533,1.0868153367556488
2016-03-23 08:00:00,2016-03-31 20:00:00,F6054,117.689,23.533,0.3121906877619267
2016-03-24 08:00:00,2016-04-01 20:00:00,F6054,117.689,23.533,0.3985530738862053
2016-03-25 08:00:00,2016-04-02 20:00:00,F6054,117.689,23.533,0.6286904770801129
2016-03-26 08:00:00,2016-04-03 20:00:00,F6054,117.689,23.533,1.2524300359755216
2016-03-27 08:00:00,2016-04-04 20:00:00,F6054,117.689,23.533,1.2598084841721402
2016-03-28 08:00:00,2016-04-05 20:00:00,F6054,117.689,23.533,1.3426590394649338
2016-03-29 08:00:00,2016-04-06 20:00:00,F6054,117.689,23.533,1.2096986231362052
2016-03-30 08:00:00,2016-04-07 20:00:00,F6054,117.689,23.533,1.2281785982797828
2016-03-31 08:00:00,2016-04-08 20:00:00,F6054,117.689,23.533,0.2604472158168392
2016-04-01 08:00:00,2016-04-09 20:00:00,F6054,117.689,23.533,0.6219313868284644
2016-04-02 08:00:00,2016-04-10 20:00:00,F6054,117.689,23.533,0.5229013008593029
2016-04-03 08:00:00,2016-04-11 20:00:00,F6054,117.689,23.533,0.24760013075751885
2016-04-04 08:00:00,2016-04-12 20:00:00,F6054,117.689,23.533,0.8117509702185544
2016-04-05 08:00:00,2016-04-13 20:00:00,F6054,117.689,23.533,0.4950927626211978
2016-04-06 08:00:00,2016-04-14 20:00:00,F6054,117.689,23.533,3.085085321341466
2016-04-07 08:00:00,2016-04-15 20:00:00,F6054,117.689,23.533,1.9344244307037568
2016-04-08 08:00:00,2016-04-16 20:00:00,F6054,117.689,23.533,0.3645918976740177
2016-04-09 08:00:00,2016-04-17 20:00:00,F6054,117.689,23.533,1.5579483703785402
2016-04-10 08:00:00,2016-04-18 20:00:00,F6054,117.689,23.533,1.5552587127731383
2016-04-11 08:00:00,2016-04-19 20:00:00,F6054,117.689,23.533,0.8245688730114581
2016-04-12 08:00:00,2016-04-20 20:00:00,F6054,117.689,23.533,0.547118702152261
2016-04-13 08:00:00,2016-04-21 20:00:00,F6054,117.689,23.533,0.34315670488422256
2016-04-14 08:00:00,2016-04-22 20:00:00,F6054,117.689,23.533,0.31943187469596523
2016-04-15 08:00:00,2016-04-23 20:00:00,F6054,117.689,23.533,0.20935524689582508
2016-04-16 08:00:00,2016-04-24 20:00:00,F6054,117.689,23.533,0.9197691443587246
2016-04-17 08:00:00,2016-04-25 20:00:00,F6054,117.689,23.533,1.1159845086640416
2016-04-18 08:00:00,2016-04-26 20:00:00,F6054,117.689,23.533,0.4568278010159474
2016-04-19 08:00:00,2016-04-27 20:00:00,F6054,117.689,23.533,2.487467546017342
2016-04-20 08:00:00,2016-04-28 20:00:00,F6054,117.689,23.533,1.6702815311637096
2016-04-21 08:00:00,2016-04-29 20:00:00,F6054,117.689,23.533,2.385241819114753
2016-04-22 08:00:00,2016-04-30 20:00:00,F6054,117.689,23.533,0.3028145890481255
2016-04-23 08:00:00,2016-05-01 20:00:00,F6054,117.689,23.533,0.4057871440785448
2016-04-24 08:00:00,2016-05-02 20:00:00,F6054,117.689,23.533,0.3881194435188036
2016-04-25 08:00:00,2016-05-03 20:00:00,F6054,117.689,23.533,0.2979349068044712
2016-04-26 08:00:00,2016-05-04 20:00:00,F6054,117.689,23.533,1.4007785941960265
2016-04-27 08:00:00,2016-05-05 20:00:00,F6054,117.689,23.533,0.501219794788085
2016-04-28 08:00:00,2016-05-06 20:00:00,F6054,117.689,23.533,0.36737410617752175
2016-04-29 08:00:00,2016-05-07 20:00:00,F6054,117.689,23.533,1.0529135535721252
2016-04-30 08:00:00,2016-05-08 20:00:00,F6054,117.689,23.533,0.5511330181805079
2016-05-01 08:00:00,2016-05-09 20:00:00,F6054,117.689,23.533,0.6105863111844201
2016-05-02 08:00:00,2016-05-10 20:00:00,F6054,117.689,23.533,0.3747021099044332
2016-05-03 08:00:00,2016-05-11 20:00:00,F6054,117.689,23.533,1.2565875105361783
2016-05-04 08:00:00,2016-05-12 20:00:00,F6054,117.689,23.533,1.993214209467169
2016-05-05 08:00:00,2016-05-13 20:00:00,F6054,117.689,23.533,1.1135000864738909
2016-05-06 08:00:00,2016-05-14 20:00:00,F6054,117.689,23.533,1.5561252244194748
2016-05-07 08:00:00,2016-05-15 20:00:00,F6054,117.689,23.533,1.2047169639831736
2016-05-08 08:00:00,2016-05-16 20:00:00,F6054,117.689,23.533,1.1334866405022694
2016-05-09 08:00:00,2016-05-17 20:00:00,F6054,117.689,23.533,2.0147592198040907
2016-05-10 08:00:00,2016-05-18 20:00:00,F6054,117.689,23.533,2.483638729104769
2016-05-11 08:00:00,2016-05-19 20:00:00,F6054,117.689,23.533,1.7657716864388249
2016-05-12 08:00:00,2016-05-20 20:00:00,F6054,117.689,23.533,0.4022714004534009
2016-05-13 08:00:00,2016-05-21 20:00:00,F6054,117.689,23.533,0.6688247566071368
2016-05-14 08:00:00,2016-05-22 20:00:00,F6054,117.689,23.533,1.1878516754072734
2016-05-15 08:00:00,2016-05-23 20:00:00,F6054,117.689,23.533,0.04111695856283859
2016-05-16 08:00:00,2016-05-24 20:00:00,F6054,117.689,23.533,0.21808763828732936
2016-05-17 08:00:00,2016-05-25 20:00:00,F6054,117.689,23.533,0.4242249369580122
2016-05-18 08:00:00,2016-05-26 20:00:00,F6054,117.689,23.533,0.7713279748759305
2016-05-19 08:00:00,2016-05-27 20:00:00,F6054,117.689,23.533,0.648234862224399
2016-05-20 08:00:00,2016-05-28 20:00:00,F6054,117.689,23.533,0.3525558982335042
2016-05-21 08:00:00,2016-05-29 20:00:00,F6054,117.689,23.533,0.6038586970126971
2016-05-22 08:00:00,2016-05-30 20:00:00,F6054,117.689,23.533,0.5256926001062538
2016-05-23 08:00:00,2016-05-31 20:00:00,F6054,117.689,23.533,0.7780876382875022
2016-05-24 08:00:00,2016-06-01 20:00:00,F6054,117.689,23.533,0.9559861091619268
2016-05-25 08:00:00,2016-06-02 20:00:00,F6054,117.689,23.533,1.7715312214731966
2016-05-26 08:00:00,2016-06-03 20:00:00,F6054,117.689,23.533,0.46656498598338203
2016-05-27 08:00:00,2016-06-04 20:00:00,F6054,117.689,23.533,2.153097658023285
2016-05-28 08:00:00,2016-06-05 20:00:00,F6054,117.689,23.533,2.7594526109213566
2016-05-29 08:00:00,2016-06-06 20:00:00,F6054,117.689,23.533,2.843113367090496
2016-05-30 08:00:00,2016-06-07 20:00:00,F6054,117.689,23.533,2.2433781808132385
2016-05-31 08:00:00,2016-06-08 20:00:00,F6054,117.689,23.533,1.9662519001009289
2016-06-01 08:00:00,2016-06-09 20:00:00,F6054,117.689,23.533,1.907734381148544
2016-06-02 08:00:00,2016-06-10 20:00:00,F6054,117.689,23.533,0.460973481506926
2016-06-03 08:00:00,2016-06-11 20:00:00,F6054,117.689,23.533,0.5003105346573875
2016-06-04 08:00:00,2016-06-12 20:00:00,F6054,117.689,23.533,1.3910197415439145
2016-06-05 08:00:00,2016-06-13 20:00:00,F6054,117.689,23.533,1.1089137279964234
2016-06-06 08:00:00,2016-06-14 20:00:00,F6054,117.689,23.533,0.4657080577461557
2016-06-07 08:00:00,2016-06-15 20:00:00,F6054,117.689,23.533,0.7123703333144249
2016-06-08 08:00:00,2016-06-16 20:00:00,F6054,117.689,23.533,0.4625290081085041
2016-06-09 08:00:00,2016-06-17 20:00:00,F6054,117.689,23.533,1.3160838824869645
2016-06-10 08:00:00,2016-06-18 20:00:00,F6054,117.689,23.533,0.8532648849718498
2016-06-11 08:00:00,2016-06-19 20:00:00,F6054,117.689,23.533,1.2000146114993413
2016-06-12 08:00:00,2016-06-20 20:00:00,F6054,117.689,23.533,0.8629103916030091
2016-06-13 08:00:00,2016-06-21 20:00:00,F6054,117.689,23.533,0.9869495871467958
2016-06-14 08:00:00,2016-06-22 20:00:00,F6054,117.689,23.533,0.9289610682761804
2016-06-15 08:00:00,2016-06-23 20:00:00,F6054,117.689,23.533,1.0360233738352915
2016-06-16 08:00:00,2016-06-24 20:00:00,F6054,117.689,23.533,0.9045232482206984
2016-06-17 08:00:00,2016-06-25 20:00:00,F6054,117.689,23.533,0.998677532669717
2016-06-18 08:00:00,2016-06-26 20:00:00,F6054,117.689,23.533,1.275299088484985
2016-06-19 08:00:00,2016-06-27 20:00:00,F6054,117.689,23.533,0.8623690505537525
2016-06-20 08:00:00,2016-06-28 20:00:00,F6054,117.689,23.533,0.9175308830646144
2016-06-21 08:00:00,2016-06-29 20:00:00,F6054,117.689,23.533,0.9197301005092412
2016-06-22 08:00:00,2016-06-30 20:00:00,F6054,117.689,23.533,1.702815554652716
2016-06-23 08:00:00,2016-07-01 20:00:00,F6054,117.689,23.533,1.3271375784663633
2016-06-24 08:00:00,2016-07-02 20:00:00,F6054,117.689,23.533,1.257967802656026
2016-06-25 08:00:00,2016-07-03 20:00:00,F6054,117.689,23.533,1.1534470002053467
2016-06-26 08:00:00,2016-07-04 20:00:00,F6054,117.689,23.533,2.167718994523284
2016-06-27 08:00:00,2016-07-05 20:00:00,F6054,117.689,23.533,1.7374959320329708
2016-06-28 08:00:00,2016-07-06 20:00:00,F6054,117.689,23.533,0.947189543295508
2016-06-29 08:00:00,2016-07-07 20:00:00,F6054,117.689,23.533,1.4684269661222515
2016-06-30 08:00:00,2016-07-08 20:00:00,F6054,117.689,23.533,1.1595228310773111
2016-07-01 08:00:00,2016-07-09 20:00:00,F6054,117.689,23.533,0.9395574845043484
2016-07-02 08:00:00,2016-07-10 20:00:00,F6054,117.689,23.533,1.8318455232630413
2016-07-03 08:00:00,2016-07-11 20:00:00,F6054,117.689,23.533,2.2962188118594895
2016-07-05 08:00:00,2016-07-13 20:00:00,F6054,117.689,23.533,0.849391064779752
2016-07-06 08:00:00,2016-07-14 20:00:00,F6054,117.689,23.533,0.9339029139474632
2016-07-07 08:00:00,2016-07-15 20:00:00,F6054,117.689,23.533,1.0967887571669053
2016-07-08 08:00:00,2016-07-16 20:00:00,F6054,117.689,23.533,0.7306159577897233
2016-07-09 08:00:00,2016-07-17 20:00:00,F6054,117.689,23.533,1.1457080577461056
2016-07-10 08:00:00,2016-07-18 20:00:00,F6054,117.689,23.533,0.8748094431308573
2016-07-11 08:00:00,2016-07-19 20:00:00,F6054,117.689,23.533,0.5090084131702497
2016-07-12 08:00:00,2016-07-20 20:00:00,F6054,117.689,23.533,0.5036520552941965
2016-07-13 08:00:00,2016-07-21 20:00:00,F6054,117.689,23.533,0.4872068609985263
2016-07-14 08:00:00,2016-07-22 20:00:00,F6054,117.689,23.533,0.8958398240437191
2016-07-15 08:00:00,2016-07-23 20:00:00,F6054,117.689,23.533,0.6285784433254094
2016-07-16 08:00:00,2016-07-24 20:00:00,F6054,117.689,23.533,0.5506189881377851
2016-07-17 08:00:00,2016-07-25 20:00:00,F6054,117.689,23.533,0.8823684501683147
2016-07-18 08:00:00,2016-07-26 20:00:00,F6054,117.689,23.533,0.9101322382693979
2016-07-19 08:00:00,2016-07-27 20:00:00,F6054,117.689,23.533,0.7787256672626199
2016-07-20 08:00:00,2016-07-28 20:00:00,F6054,117.689,23.533,1.0959434587592796
2016-07-21 08:00:00,2016-07-29 20:00:00,F6054,117.689,23.533,0.9043937189858298
2016-07-22 08:00:00,2016-07-30 20:00:00,F6054,117.689,23.533,1.2960790617087241
2016-07-23 08:00:00,2016-07-31 20:00:00,F6054,117.689,23.533,1.8980562135599257
2016-07-24 08:00:00,2016-08-01 20:00:00,F6054,117.689,23.533,3.0386775326699085
2016-07-25 08:00:00,2016-08-02 20:00:00,F6054,117.689,23.533,2.3116893638330107
2016-07-26 08:00:00,2016-08-03 20:00:00,F6054,117.689,23.533,1.5578014032370218
2016-07-27 08:00:00,2016-08-04 20:00:00,F6054,117.689,23.533,1.401729470478131
2016-07-28 08:00:00,2016-08-05 20:00:00,F6054,117.689,23.533,1.2210246180218292
2016-07-29 08:00:00,2016-08-06 20:00:00,F6054,117.689,23.533,1.3044973537015494
2016-07-30 08:00:00,2016-08-07 20:00:00,F6054,117.689,23.533,0.7733677016568663
2016-07-31 08:00:00,2016-08-08 20:00:00,F6054,117.689,23.533,0.9513606518290773
2016-08-01 08:00:00,2016-08-09 20:00:00,F6054,117.689,23.533,1.480410652614637
2016-08-02 08:00:00,2016-08-10 20:00:00,F6054,117.689,23.533,1.4715008697486385
2016-08-03 08:00:00,2016-08-11 20:00:00,F6054,117.689,23.533,2.0034848283454494
2016-08-04 08:00:00,2016-08-12 20:00:00,F6054,117.689,23.533,2.424002003291548
2016-08-05 08:00:00,2016-08-13 20:00:00,F6054,117.689,23.533,1.896031635835812
2016-08-06 08:00:00,2016-08-14 20:00:00,F6054,117.689,23.533,1.7153400327298414
2016-08-07 08:00:00,2016-08-15 20:00:00,F6054,117.689,23.533,2.9610827969182765
2016-08-08 08:00:00,2016-08-16 20:00:00,F6054,117.689,23.533,4.1392519694124985
2016-08-09 08:00:00,2016-08-17 20:00:00,F6054,117.689,23.533,2.3366642822101085
2016-08-10 08:00:00,2016-08-18 20:00:00,F6054,117.689,23.533,8.319957228215685
2016-08-11 08:00:00,2016-08-19 20:00:00,F6054,117.689,23.533,1.0979685459318491
2016-08-12 08:00:00,2016-08-20 20:00:00,F6054,117.689,23.533,2.9318314538559207
2016-08-13 08:00:00,2016-08-21 20:00:00,F6054,117.689,23.533,1.5884849986281324
2016-08-14 08:00:00,2016-08-22 20:00:00,F6054,117.689,23.533,1.8237018015513515
2016-08-15 08:00:00,2016-08-23 20:00:00,F6054,117.689,23.533,1.5574668286254791
2016-08-16 08:00:00,2016-08-24 20:00:00,F6054,117.689,23.533,2.010355876804624
2016-08-17 08:00:00,2016-08-25 20:00:00,F6054,117.689,23.533,1.4031503379877677
2016-08-18 08:00:00,2016-08-26 20:00:00,F6054,117.689,23.533,2.8306348272975583
2016-08-19 08:00:00,2016-08-27 20:00:00,F6054,117.689,23.533,0.935186337428263
2016-08-20 08:00:00,2016-08-28 20:00:00,F6054,117.689,23.533,1.2737356869985206
2016-08-21 08:00:00,2016-08-29 20:00:00,F6054,117.689,23.533,0.9528903885912996
2016-08-22 08:00:00,2016-08-30 20:00:00,F6054,117.689,23.533,1.038262993806029
2016-08-23 08:00:00,2016-08-31 20:00:00,F6054,117.689,23.533,0.3576586296117057
2016-08-24 08:00:00,2016-09-01 20:00:00,F6054,117.689,23.533,1.5456718979664856
2016-08-26 08:00:00,2016-09-03 20:00:00,F6054,117.689,23.533,1.1858198210319415
2016-08-27 08:00:00,2016-09-04 20:00:00,F6054,117.689,23.533,1.4948908909200331
2016-08-28 08:00:00,2016-09-05 20:00:00,F6054,117.689,23.533,0.8084266740168005
2016-08-29 08:00:00,2016-09-06 20:00:00,F6054,117.689,23.533,0.6765333531417355
2016-08-30 08:00:00,2016-09-07 20:00:00,F6054,117.689,23.533,0.3624086742969439
2016-08-31 08:00:00,2016-09-08 20:00:00,F6054,117.689,23.533,2.2331300901405484
2016-09-01 08:00:00,2016-09-09 20:00:00,F6054,117.689,23.533,3.02447103271004
2016-09-02 08:00:00,2016-09-10 20:00:00,F6054,117.689,23.533,2.6614870952328147
2016-09-03 08:00:00,2016-09-11 20:00:00,F6054,117.689,23.533,2.646975144766201
2016-09-04 08:00:00,2016-09-12 20:00:00,F6054,117.689,23.533,2.27923762590524
2016-09-05 08:00:00,2016-09-13 20:00:00,F6054,117.689,23.533,1.9407675736119927
2016-09-06 08:00:00,2016-09-14 20:00:00,F6054,117.689,23.533,2.4696712317515903
2016-09-07 08:00:00,2016-09-15 20:00:00,F6054,117.689,23.533,1.5900259669189154
2016-09-08 08:00:00,2016-09-16 20:00:00,F6054,117.689,23.533,2.40006272115545
2016-09-09 08:00:00,2016-09-17 20:00:00,F6054,117.689,23.533,2.5709332465932
2016-09-10 08:00:00,2016-09-18 20:00:00,F6054,117.689,23.533,1.8584066710052407
2016-09-11 08:00:00,2016-09-19 20:00:00,F6054,117.689,23.533,2.034511818337592
2016-09-12 08:00:00,2016-09-20 20:00:00,F6054,117.689,23.533,2.7157453165315246
2016-09-13 08:00:00,2016-09-21 20:00:00,F6054,117.689,23.533,2.2369714782153096
2016-09-14 08:00:00,2016-09-22 20:00:00,F6054,117.689,23.533,2.2744409232727776
2016-09-15 08:00:00,2016-09-23 20:00:00,F6054,117.689,23.533,2.1537341897465008
2016-09-16 08:00:00,2016-09-24 20:00:00,F6054,117.689,23.533,1.4233391835127804
2016-09-17 08:00:00,2016-09-25 20:00:00,F6054,117.689,23.533,1.838274260669664
2016-09-18 08:00:00,2016-09-26 20:00:00,F6054,117.689,23.533,2.23398200027998
2016-09-19 08:00:00,2016-09-27 20:00:00,F6054,117.689,23.533,2.7121036954035844
2016-09-20 08:00:00,2016-09-28 20:00:00,F6054,117.689,23.533,5.9896194139288355
2016-09-21 08:00:00,2016-09-29 20:00:00,F6054,117.689,23.533,3.761900801837328
2016-09-22 08:00:00,2016-09-30 20:00:00,F6054,117.689,23.533,2.3022256680874307
2016-09-23 08:00:00,2016-10-01 20:00:00,F6054,117.689,23.533,2.539336016708603
2016-09-24 08:00:00,2016-10-02 20:00:00,F6054,117.689,23.533,2.3102113058754408
2016-09-25 08:00:00,2016-10-03 20:00:00,F6054,117.689,23.533,4.315815275659929
2016-09-26 08:00:00,2016-10-04 20:00:00,F6054,117.689,23.533,1.33230049420888
2016-09-27 08:00:00,2016-10-05 20:00:00,F6054,117.689,23.533,2.619867283130929
2016-09-28 08:00:00,2016-10-06 20:00:00,F6054,117.689,23.533,3.252754239014393
2016-09-29 08:00:00,2016-10-07 20:00:00,F6054,117.689,23.533,17.88245257175879
2016-09-30 08:00:00,2016-10-08 20:00:00,F6054,117.689,23.533,1.845667364901488
2016-10-01 08:00:00,2016-10-09 20:00:00,F6054,117.689,23.533,3.632783594758507
2016-10-02 08:00:00,2016-10-10 20:00:00,F6054,117.689,23.533,4.347788062490737
2016-10-03 08:00:00,2016-10-11 20:00:00,F6054,117.689,23.533,3.1630326510354507
2016-10-04 08:00:00,2016-10-12 20:00:00,F6054,117.689,23.533,3.9691004149897253
2016-10-05 08:00:00,2016-10-13 20:00:00,F6054,117.689,23.533,5.25057191738324
2016-10-06 08:00:00,2016-10-14 20:00:00,F6054,117.689,23.533,2.6224736734557155
2016-10-07 08:00:00,2016-10-15 20:00:00,F6054,117.689,23.533,2.6494691577544245
2016-10-08 08:00:00,2016-10-16 20:00:00,F6054,117.689,23.533,2.4487619606652515
2016-10-09 08:00:00,2016-10-17 20:00:00,F6054,117.689,23.533,2.2206169350056366
2016-10-10 08:00:00,2016-10-18 20:00:00,F6054,117.689,23.533,2.5100086453915083
2016-10-11 08:00:00,2016-10-19 20:00:00,F6054,117.689,23.533,3.027344751998612
2016-10-12 08:00:00,2016-10-20 20:00:00,F6054,117.689,23.533,2.2480595273052586
2016-10-13 08:00:00,2016-10-21 20:00:00,F6054,117.689,23.533,5.319358908525828
2016-10-14 08:00:00,2016-10-22 20:00:00,F6054,117.689,23.533,0.8578649112157564
2016-10-15 08:00:00,2016-10-23 20:00:00,F6054,117.689,23.533,0.6833966512691632
2016-10-16 08:00:00,2016-10-24 20:00:00,F6054,117.689,23.533,2.2591942625635966
2016-10-17 08:00:00,2016-10-25 20:00:00,F6054,117.689,23.533,1.8502950992746041
2016-10-18 08:00:00,2016-10-26 20:00:00,F6054,117.689,23.533,1.875738352709164
2016-10-19 08:00:00,2016-10-27 20:00:00,F6054,117.689,23.533,1.8177277720432128
2016-10-20 08:00:00,2016-10-28 20:00:00,F6054,117.689,23.533,1.3673846255618405
2016-10-21 08:00:00,2016-10-29 20:00:00,F6054,117.689,23.533,4.120155208702727
2016-10-22 08:00:00,2016-10-30 20:00:00,F6054,117.689,23.533,2.7659295833102533
2016-10-23 08:00:00,2016-10-31 20:00:00,F6054,117.689,23.533,2.5209266374881736
2016-10-24 08:00:00,2016-11-01 20:00:00,F6054,117.689,23.533,2.7404518183301434
2016-10-25 08:00:00,2016-11-02 20:00:00,F6054,117.689,23.533,2.17790466831525
2016-10-26 08:00:00,2016-11-03 20:00:00,F6054,117.689,23.533,3.0406767584892123
2016-10-27 08:00:00,2016-11-04 20:00:00,F6054,117.689,23.533,2.6620133646594013
2016-10-28 08:00:00,2016-11-05 20:00:00,F6054,117.689,23.533,2.746154311389205
2016-10-29 08:00:00,2016-11-06 20:00:00,F6054,117.689,23.533,2.879598252532219
2016-10-30 08:00:00,2016-11-07 20:00:00,F6054,117.689,23.533,2.271579992079978
2016-10-31 08:00:00,2016-11-08 20:00:00,F6054,117.689,23.533,3.2921755478633936
2016-11-01 08:00:00,2016-11-09 20:00:00,F6054,117.689,23.533,2.707245923077835
2016-11-02 08:00:00,2016-11-10 20:00:00,F6054,117.689,23.533,3.3876319415395533
2016-11-03 08:00:00,2016-11-11 20:00:00,F6054,117.689,23.533,2.0790947566122213
2016-11-04 08:00:00,2016-11-12 20:00:00,F6054,117.689,23.533,1.9610384109229244
2016-11-05 08:00:00,2016-11-13 20:00:00,F6054,117.689,23.533,3.028499889263344
2016-11-06 08:00:00,2016-11-14 20:00:00,F6054,117.689,23.533,1.5653249542664298
2016-11-07 08:00:00,2016-11-15 20:00:00,F6054,117.689,23.533,1.8694436001349004
2016-11-08 08:00:00,2016-11-16 20:00:00,F6054,117.689,23.533,1.4799369401229114
2016-11-09 08:00:00,2016-11-17 20:00:00,F6054,117.689,23.533,2.158327050871208
2016-11-10 08:00:00,2016-11-18 20:00:00,F6054,117.689,23.533,2.214221976433464
2016-11-11 08:00:00,2016-11-19 20:00:00,F6054,117.689,23.533,2.136878067363796
2016-11-12 08:00:00,2016-11-20 20:00:00,F6054,117.689,23.533,1.300084630194533
2016-11-13 08:00:00,2016-11-21 20:00:00,F6054,117.689,23.533,2.5029101653627777
2016-11-14 08:00:00,2016-11-22 20:00:00,F6054,117.689,23.533,5.365387592854403
2016-11-15 08:00:00,2016-11-23 20:00:00,F6054,117.689,23.533,3.687947473192708
2016-11-16 08:00:00,2016-11-24 20:00:00,F6054,117.689,23.533,4.0681898386549165
2016-11-17 08:00:00,2016-11-25 20:00:00,F6054,117.689,23.533,3.2290649345197835
2016-11-18 08:00:00,2016-11-26 20:00:00,F6054,117.689,23.533,1.8001608600527557
2016-11-19 08:00:00,2016-11-27 20:00:00,F6054,117.689,23.533,4.7535199382240325
2016-11-20 08:00:00,2016-11-28 20:00:00,F6054,117.689,23.533,3.228621797707433
2016-11-21 08:00:00,2016-11-29 20:00:00,F6054,117.689,23.533,2.059877735419377
2016-11-22 08:00:00,2016-11-30 20:00:00,F6054,117.689,23.533,3.511362968240292
2016-11-23 08:00:00,2016-12-01 20:00:00,F6054,117.689,23.533,4.00759237632235
2016-11-24 08:00:00,2016-12-02 20:00:00,F6054,117.689,23.533,4.053968374390252
2016-11-25 08:00:00,2016-12-03 20:00:00,F6054,117.689,23.533,1.8057269228258968
2016-11-26 08:00:00,2016-12-04 20:00:00,F6054,117.689,23.533,2.595055334828203
2016-11-27 08:00:00,2016-12-05 20:00:00,F6054,117.689,23.533,4.3838361244851285
2016-11-28 08:00:00,2016-12-06 20:00:00,F6054,117.689,23.533,4.3755770167431365
2016-11-29 08:00:00,2016-12-07 20:00:00,F6054,117.689,23.533,2.2911258694413164
2016-11-30 08:00:00,2016-12-08 20:00:00,F6054,117.689,23.533,3.5384386480885723
2016-12-01 08:00:00,2016-12-09 20:00:00,F6054,117.689,23.533,2.1829331450835525
2016-12-02 08:00:00,2016-12-10 20:00:00,F6054,117.689,23.533,3.6143698135117575
2016-12-03 08:00:00,2016-12-11 20:00:00,F6054,117.689,23.533,2.2578252295344328
2016-12-04 08:00:00,2016-12-12 20:00:00,F6054,117.689,23.533,1.0060687295595017
2016-12-05 08:00:00,2016-12-13 20:00:00,F6054,117.689,23.533,3.100408397939532
2016-12-06 08:00:00,2016-12-14 20:00:00,F6054,117.689,23.533,2.890469818654765
2016-12-07 08:00:00,2016-12-15 20:00:00,F6054,117.689,23.533,3.766892344643906
2016-12-08 08:00:00,2016-12-16 20:00:00,F6054,117.689,23.533,4.030816099340882
2016-12-09 08:00:00,2016-12-17 20:00:00,F6054,117.689,23.533,1.9577996719145856
2016-12-10 08:00:00,2016-12-18 20:00:00,F6054,117.689,23.533,1.3212007701592938
2016-12-11 08:00:00,2016-12-19 20:00:00,F6054,117.689,23.533,1.6642813757403017
2016-12-12 08:00:00,2016-12-20 20:00:00,F6054,117.689,23.533,1.801956711181333
2016-12-13 08:00:00,2016-12-21 20:00:00,F6054,117.689,23.533,1.7448173239657765
2016-12-14 08:00:00,2016-12-22 20:00:00,F6054,117.689,23.533,4.502765815903898
2016-12-15 08:00:00,2016-12-23 20:00:00,F6054,117.689,23.533,3.1163998939721296
2016-12-16 08:00:00,2016-12-24 20:00:00,F6054,117.689,23.533,1.2488203908592368
2017-01-01 08:00:00,2017-01-09 20:00:00,F6054,117.689,23.533,3.1905382287482102
2017-01-02 08:00:00,2017-01-10 20:00:00,F6054,117.689,23.533,3.25889007471892
2017-01-03 08:00:00,2017-01-11 20:00:00,F6054,117.689,23.533,4.9074479698147115
2017-01-04 08:00:00,2017-01-12 20:00:00,F6054,117.689,23.533,3.3310685421234894
2017-01-05 08:00:00,2017-01-13 20:00:00,F6054,117.689,23.533,3.2948466066666238
2017-01-06 08:00:00,2017-01-14 20:00:00,F6054,117.689,23.533,3.681994254989832
2017-01-07 08:00:00,2017-01-15 20:00:00,F6054,117.689,23.533,3.693859152180721
2017-01-08 08:00:00,2017-01-16 20:00:00,F6054,117.689,23.533,4.2190217472108325
2017-01-09 08:00:00,2017-01-17 20:00:00,F6054,117.689,23.533,1.39394665359373
2017-01-10 08:00:00,2017-01-18 20:00:00,F6054,117.689,23.533,3.0886129666461097
2017-01-11 08:00:00,2017-01-19 20:00:00,F6054,117.689,23.533,3.564742540070938
2017-01-12 08:00:00,2017-01-20 20:00:00,F6054,117.689,23.533,3.4840075174906815
2017-01-13 08:00:00,2017-01-21 20:00:00,F6054,117.689,23.533,1.9502541732267675
2017-01-14 08:00:00,2017-01-22 20:00:00,F6054,117.689,23.533,3.1621665370762457
2017-01-15 08:00:00,2017-01-23 20:00:00,F6054,117.689,23.533,4.155766814774779
2017-01-16 08:00:00,2017-01-24 20:00:00,F6054,117.689,23.533,1.859433871887404
2017-01-17 08:00:00,2017-01-25 20:00:00,F6054,117.689,23.533,2.3406977019236592
2017-01-18 08:00:00,2017-01-26 20:00:00,F6054,117.689,23.533,1.2000235862096815
2017-01-19 08:00:00,2017-01-27 20:00:00,F6054,117.689,23.533,2.6127381914380976
2017-01-20 08:00:00,2017-01-28 20:00:00,F6054,117.689,23.533,1.78086130805832
2017-01-21 08:00:00,2017-01-29 20:00:00,F6054,117.689,23.533,1.118456878171969
2017-01-22 08:00:00,2017-01-30 20:00:00,F6054,117.689,23.533,4.967436465036371
2017-01-23 08:00:00,2017-01-31 20:00:00,F6054,117.689,23.533,1.1308447612254895
2017-01-24 08:00:00,2017-02-01 20:00:00,F6054,117.689,23.533,1.823624764452348
2017-01-25 08:00:00,2017-02-02 20:00:00,F6054,117.689,23.533,2.1725782338836552
2017-01-26 08:00:00,2017-02-03 20:00:00,F6054,117.689,23.533,1.9919997663610047
2017-01-27 08:00:00,2017-02-04 20:00:00,F6054,117.689,23.533,1.1107307182381874
2017-01-28 08:00:00,2017-02-05 20:00:00,F6054,117.689,23.533,1.998431303137295
2017-01-29 08:00:00,2017-02-06 20:00:00,F6054,117.689,23.533,1.7643271407632708
2017-01-30 08:00:00,2017-02-07 20:00:00,F6054,117.689,23.533,0.4635147814510674
2017-01-31 08:00:00,2017-02-08 20:00:00,F6054,117.689,23.533,2.9671475078778258
2017-02-01 08:00:00,2017-02-09 20:00:00,F6054,117.689,23.533,2.875071176190432
2017-02-02 08:00:00,2017-02-10 20:00:00,F6054,117.689,23.533,3.762674079265025
2017-02-03 08:00:00,2017-02-11 20:00:00,F6054,117.689,23.533,3.823189313229932
2017-02-04 08:00:00,2017-02-12 20:00:00,F6054,117.689,23.533,2.966787374916976
2017-02-05 08:00:00,2017-02-13 20:00:00,F6054,117.689,23.533,3.0235714212112725
2017-02-06 08:00:00,2017-02-14 20:00:00,F6054,117.689,23.533,2.2748835813524693
2017-02-07 08:00:00,2017-02-15 20:00:00,F6054,117.689,23.533,0.8197856014709259
2017-02-08 08:00:00,2017-02-16 20:00:00,F6054,117.689,23.533,1.0264550633498857
2017-02-09 08:00:00,2017-02-17 20:00:00,F6054,117.689,23.533,0.6385374735398273
2017-02-10 08:00:00,2017-02-18 20:00:00,F6054,117.689,23.533,0.6472275898686348
2017-02-11 08:00:00,2017-02-19 20:00:00,F6054,117.689,23.533,1.0233116044844337
2017-02-12 08:00:00,2017-02-20 20:00:00,F6054,117.689,23.533,1.2771821596803647
2017-02-13 08:00:00,2017-02-21 20:00:00,F6054,117.689,23.533,2.4464909055224098
2017-02-14 08:00:00,2017-02-22 20:00:00,F6054,117.689,23.533,0.5921102928973596
2017-02-15 08:00:00,2017-02-23 20:00:00,F6054,117.689,23.533,2.792945068798645
2017-02-16 08:00:00,2017-02-24 20:00:00,F6054,117.689,23.533,3.548422292350552
2017-02-17 08:00:00,2017-02-25 20:00:00,F6054,117.689,23.533,2.940676890617852
2017-02-18 08:00:00,2017-02-26 20:00:00,F6054,117.689,23.533,2.6766559355070285
2017-02-19 08:00:00,2017-02-27 20:00:00,F6054,117.689,23.533,3.3617620803654518
2017-02-20 08:00:00,2017-02-28 20:00:00,F6054,117.689,23.533,1.196754986721885
2017-02-21 08:00:00,2017-03-01 20:00:00,F6054,117.689,23.533,2.104159679454824
2017-02-22 08:00:00,2017-03-02 20:00:00,F6054,117.689,23.533,3.5050720134819358
2017-02-23 08:00:00,2017-03-03 20:00:00,F6054,117.689,23.533,1.6265904114744671
2017-02-24 08:00:00,2017-03-04 20:00:00,F6054,117.689,23.533,1.824795553901368
2017-02-25 08:00:00,2017-03-05 20:00:00,F6054,117.689,23.533,1.4985913928207992
2017-02-26 08:00:00,2017-03-06 20:00:00,F6054,117.689,23.533,1.6048580365500131
2017-02-27 08:00:00,2017-03-07 20:00:00,F6054,117.689,23.533,1.91766059181316
2017-02-28 08:00:00,2017-03-08 20:00:00,F6054,117.689,23.533,2.6940050270579827
2017-03-01 08:00:00,2017-03-09 20:00:00,F6054,117.689,23.533,2.3766046136744308
2017-03-02 08:00:00,2017-03-10 20:00:00,F6054,117.689,23.533,0.6245853573708473
2017-03-03 08:00:00,2017-03-11 20:00:00,F6054,117.689,23.533,1.4339794694380998
2017-03-04 08:00:00,2017-03-12 20:00:00,F6054,117.689,23.533,2.559712221434665
2017-03-05 08:00:00,2017-03-13 20:00:00,F6054,117.689,23.533,2.303348182687955
2017-03-06 08:00:00,2017-03-14 20:00:00,F6054,117.689,23.533,0.4247951832659281
2017-03-07 08:00:00,2017-03-15 20:00:00,F6054,117.689,23.533,2.3706480192530535
2017-03-08 08:00:00,2017-03-16 20:00:00,F6054,117.689,23.533,2.565011240111404
2017-03-09 08:00:00,2017-03-17 20:00:00,F6054,117.689,23.533,1.241771372224889
2017-03-10 08:00:00,2017-03-18 20:00:00,F6054,117.689,23.533,2.869990633455359
2017-03-11 08:00:00,2017-03-19 20:00:00,F6054,117.689,23.533,2.0714418865154585
2017-03-12 08:00:00,2017-03-20 20:00:00,F6054,117.689,23.533,1.3108666702648861
2017-03-13 08:00:00,2017-03-21 20:00:00,F6054,117.689,23.533,1.5744001770322031
2017-03-14 08:00:00,2017-03-22 20:00:00,F6054,117.689,23.533,1.4996918819018674
2017-03-15 08:00:00,2017-03-23 20:00:00,F6054,117.689,23.533,2.775786156362188
2017-03-16 08:00:00,2017-03-24 20:00:00,F6054,117.689,23.533,0.8001060557569417
2017-03-17 08:00:00,2017-03-25 20:00:00,F6054,117.689,23.533,2.987864164360872
2017-03-18 08:00:00,2017-03-26 20:00:00,F6054,117.689,23.533,2.711366443140492
2017-03-19 08:00:00,2017-03-27 20:00:00,F6054,117.689,23.533,1.9044167238650969
2017-03-20 08:00:00,2017-03-28 20:00:00,F6054,117.689,23.533,1.417504300253995
2017-03-21 08:00:00,2017-03-29 20:00:00,F6054,117.689,23.533,1.6367373305441788
2017-03-22 08:00:00,2017-03-30 20:00:00,F6054,117.689,23.533,1.2274993779068382
2017-03-23 08:00:00,2017-03-31 20:00:00,F6054,117.689,23.533,2.5988669187810274
2017-03-24 08:00:00,2017-04-01 20:00:00,F6054,117.689,23.533,2.9002718029161088
2017-03-25 08:00:00,2017-04-02 20:00:00,F6054,117.689,23.533,1.9986241632626616
2017-03-26 08:00:00,2017-04-03 20:00:00,F6054,117.689,23.533,1.0845504063388491
2017-03-27 08:00:00,2017-04-04 20:00:00,F6054,117.689,23.533,1.6501944539986653
2017-03-28 08:00:00,2017-04-05 20:00:00,F6054,117.689,23.533,1.1352412043730735
2017-03-29 08:00:00,2017-04-06 20:00:00,F6054,117.689,23.533,0.3691379439208049
2017-03-30 08:00:00,2017-04-07 20:00:00,F6054,117.689,23.533,1.092558977207318
2017-03-31 08:00:00,2017-04-08 20:00:00,F6054,117.689,23.533,0.6641522184885389
2017-04-01 08:00:00,2017-04-09 20:00:00,F6054,117.689,23.533,3.7029298197265916
2017-04-02 08:00:00,2017-04-10 20:00:00,F6054,117.689,23.533,1.7541986142816768
2017-04-03 08:00:00,2017-04-11 20:00:00,F6054,117.689,23.533,0.7616378218796171
2017-04-04 08:00:00,2017-04-12 20:00:00,F6054,117.689,23.533,0.34246473232383323
2017-04-05 08:00:00,2017-04-13 20:00:00,F6054,117.689,23.533,1.999842254949272
2017-04-06 08:00:00,2017-04-14 20:00:00,F6054,117.689,23.533,1.9014514446319024
2017-04-07 08:00:00,2017-04-15 20:00:00,F6054,117.689,23.533,1.0352276913783949
2017-04-08 08:00:00,2017-04-16 20:00:00,F6054,117.689,23.533,1.1237465992664966
2017-04-09 08:00:00,2017-04-17 20:00:00,F6054,117.689,23.533,0.3362025557735251
2017-04-10 08:00:00,2017-04-18 20:00:00,F6054,117.689,23.533,0.43220870111554177
2017-04-11 08:00:00,2017-04-19 20:00:00,F6054,117.689,23.533,0.942575733352669
2017-04-12 08:00:00,2017-04-20 20:00:00,F6054,117.689,23.533,1.7049830775838473
2017-04-13 08:00:00,2017-04-21 20:00:00,F6054,117.689,23.533,1.520720487225958
2017-04-14 08:00:00,2017-04-22 20:00:00,F6054,117.689,23.533,1.1094082840934334
2017-04-15 08:00:00,2017-04-23 20:00:00,F6054,117.689,23.533,2.1715473441291806
2017-04-16 08:00:00,2017-04-24 20:00:00,F6054,117.689,23.533,1.4812410714071118
2017-04-17 08:00:00,2017-04-25 20:00:00,F6054,117.689,23.533,0.6998906193549601
2017-04-18 08:00:00,2017-04-26 20:00:00,F6054,117.689,23.533,0.5529180517422674
2017-04-19 08:00:00,2017-04-27 20:00:00,F6054,117.689,23.533,1.9266827520156085
2017-04-20 08:00:00,2017-04-28 20:00:00,F6054,117.689,23.533,2.3045852078273583
2017-05-01 08:00:00,2017-05-09 20:00:00,F6054,117.689,23.533,0.8827827571586795
2017-05-08 08:00:00,2017-05-16 20:00:00,F6054,117.689,23.533,2.6872307090108047
2017-05-09 08:00:00,2017-05-17 20:00:00,F6054,117.689,23.533,1.97528235102709
2017-05-10 08:00:00,2017-05-18 20:00:00,F6054,117.689,23.533,1.3693685811213072
2017-05-11 08:00:00,2017-05-19 20:00:00,F6054,117.689,23.533,1.7360411621421008
2017-05-12 08:00:00,2017-05-20 20:00:00,F6054,117.689,23.533,2.163270205502613
2017-05-13 08:00:00,2017-05-21 20:00:00,F6054,117.689,23.533,2.036474962591228
2017-05-14 08:00:00,2017-05-22 20:00:00,F6054,117.689,23.533,1.4181874769376464
2017-05-15 08:00:00,2017-05-23 20:00:00,F6054,117.689,23.533,1.5468136351198607
2017-05-16 08:00:00,2017-05-24 20:00:00,F6054,117.689,23.533,1.6516807449302178
2017-05-17 08:00:00,2017-05-25 20:00:00,F6054,117.689,23.533,2.799230724134077
2017-05-18 08:00:00,2017-05-26 20:00:00,F6054,117.689,23.533,2.4014034306433127
2017-05-19 08:00:00,2017-05-27 20:00:00,F6054,117.689,23.533,0.4882194045850383
2017-05-20 08:00:00,2017-05-28 20:00:00,F6054,117.689,23.533,1.7778730430186442
2017-05-21 08:00:00,2017-05-29 20:00:00,F6054,117.689,23.533,2.4313944198565878
2017-05-22 08:00:00,2017-05-30 20:00:00,F6054,117.689,23.533,0.7568523858597018
2017-05-23 08:00:00,2017-05-31 20:00:00,F6054,117.689,23.533,0.27726170391656524
2017-05-24 08:00:00,2017-06-01 20:00:00,F6054,117.689,23.533,0.44324486373011496
2017-05-25 08:00:00,2017-06-02 20:00:00,F6054,117.689,23.533,2.5051817920566464
2017-05-26 08:00:00,2017-06-03 20:00:00,F6054,117.689,23.533,1.7524896015091826
2017-05-27 08:00:00,2017-06-04 20:00:00,F6054,117.689,23.533,2.059190820505364
2017-05-28 08:00:00,2017-06-05 20:00:00,F6054,117.689,23.533,1.1147517744863078
2017-05-29 08:00:00,2017-06-06 20:00:00,F6054,117.689,23.533,1.216890585527949
2017-05-30 08:00:00,2017-06-07 20:00:00,F6054,117.689,23.533,0.4667646898703879
2017-05-31 08:00:00,2017-06-08 20:00:00,F6054,117.689,23.533,0.5975034357865071
2017-06-01 08:00:00,2017-06-09 20:00:00,F6054,117.689,23.533,0.8697736897302093
2017-06-02 08:00:00,2017-06-10 20:00:00,F6054,117.689,23.533,0.8773786515491793
2017-06-03 08:00:00,2017-06-11 20:00:00,F6054,117.689,23.533,1.085900434775226
2017-06-04 08:00:00,2017-06-12 20:00:00,F6054,117.689,23.533,1.512195931484257
2017-06-05 08:00:00,2017-06-13 20:00:00,F6054,117.689,23.533,0.5750981603518994
2017-06-06 08:00:00,2017-06-14 20:00:00,F6054,117.689,23.533,0.3378312720883514
2017-06-07 08:00:00,2017-06-15 20:00:00,F6054,117.689,23.533,1.8884960192125395
2017-06-08 08:00:00,2017-06-16 20:00:00,F6054,117.689,23.533,1.18357024939246
2017-06-09 08:00:00,2017-06-17 20:00:00,F6054,117.689,23.533,1.2887799205605006
2017-06-10 08:00:00,2017-06-18 20:00:00,F6054,117.689,23.533,2.881830591249127
2017-06-11 08:00:00,2017-06-19 20:00:00,F6054,117.689,23.533,1.0423316978403818
2017-06-12 08:00:00,2017-06-20 20:00:00,F6054,117.689,23.533,0.8892019274729819
2017-06-13 08:00:00,2017-06-21 20:00:00,F6054,117.689,23.533,0.4182626721685665
2017-06-14 08:00:00,2017-06-22 20:00:00,F6054,117.689,23.533,0.6717260574662305
2017-06-15 08:00:00,2017-06-23 20:00:00,F6054,117.689,23.533,0.505692600106272
2017-06-16 08:00:00,2017-06-24 20:00:00,F6054,117.689,23.533,0.6484494355909192
2017-06-17 08:00:00,2017-06-25 20:00:00,F6054,117.689,23.533,0.6602298186022608
2017-06-18 08:00:00,2017-06-26 20:00:00,F6054,117.689,23.533,0.4181912730033446
2017-06-19 08:00:00,2017-06-27 20:00:00,F6054,117.689,23.533,0.36833849694062337
2017-06-20 08:00:00,2017-06-28 20:00:00,F6054,117.689,23.533,0.6677331449185431
2017-06-21 08:00:00,2017-06-29 20:00:00,F6054,117.689,23.533,0.8479619684172803
2017-06-22 08:00:00,2017-06-30 20:00:00,F6054,117.689,23.533,1.2683592920595856
2017-06-23 08:00:00,2017-07-01 20:00:00,F6054,117.689,23.533,1.955316176746124
2017-06-24 08:00:00,2017-07-02 20:00:00,F6054,117.689,23.533,1.3748915816868248
2017-06-25 08:00:00,2017-07-03 20:00:00,F6054,117.689,23.533,1.1195824382223236
2017-06-26 08:00:00,2017-07-04 20:00:00,F6054,117.689,23.533,3.216327669052248
2017-06-27 08:00:00,2017-07-05 20:00:00,F6054,117.689,23.533,1.1392694577946259
2017-06-28 08:00:00,2017-07-06 20:00:00,F6054,117.689,23.533,2.1032353289343746
2017-06-29 08:00:00,2017-07-07 20:00:00,F6054,117.689,23.533,2.0479216550074852
2017-06-30 08:00:00,2017-07-08 20:00:00,F6054,117.689,23.533,1.8786400487132369
2017-07-01 08:00:00,2017-07-09 20:00:00,F6054,117.689,23.533,2.0514210401869377
2017-07-02 08:00:00,2017-07-10 20:00:00,F6054,117.689,23.533,0.9945964430456796
2017-07-03 08:00:00,2017-07-11 20:00:00,F6054,117.689,23.533,0.7303084101458808
2017-07-04 08:00:00,2017-07-12 20:00:00,F6054,117.689,23.533,0.6396118113808598
2017-07-05 08:00:00,2017-07-13 20:00:00,F6054,117.689,23.533,1.177241041160528
2017-07-06 08:00:00,2017-07-14 20:00:00,F6054,117.689,23.533,1.463076247643471
2017-07-07 08:00:00,2017-07-15 20:00:00,F6054,117.689,23.533,1.3180200343651904
2017-07-08 08:00:00,2017-07-16 20:00:00,F6054,117.689,23.533,2.6060675267490296
2017-07-09 08:00:00,2017-07-17 20:00:00,F6054,117.689,23.533,2.0981258438785058
2017-07-10 08:00:00,2017-07-18 20:00:00,F6054,117.689,23.533,1.340939855698366
2017-07-11 08:00:00,2017-07-19 20:00:00,F6054,117.689,23.533,0.6527523187431825
2017-07-12 08:00:00,2017-07-20 20:00:00,F6054,117.689,23.533,1.0719183564468722
2017-07-13 08:00:00,2017-07-21 20:00:00,F6054,117.689,23.533,0.9857807771827538
2017-07-14 08:00:00,2017-07-22 20:00:00,F6054,117.689,23.533,0.6490647029922911
2017-07-15 08:00:00,2017-07-23 20:00:00,F6054,117.689,23.533,1.36821940458492
2017-07-16 08:00:00,2017-07-24 20:00:00,F6054,117.689,23.533,0.8865126675551664
2017-07-17 08:00:00,2017-07-25 20:00:00,F6054,117.689,23.533,0.9029340958104513
2017-07-18 08:00:00,2017-07-26 20:00:00,F6054,117.689,23.533,1.6679134323751441
2017-07-19 08:00:00,2017-07-27 20:00:00,F6054,117.689,23.533,1.1108708314407068
2017-07-20 08:00:00,2017-07-28 20:00:00,F6054,117.689,23.533,3.020112725459512
2017-07-21 08:00:00,2017-07-29 20:00:00,F6054,117.689,23.533,1.4991637923361625
2017-07-22 08:00:00,2017-07-30 20:00:00,F6054,117.689,23.533,2.553686804941549
2017-07-23 08:00:00,2017-07-31 20:00:00,F6054,117.689,23.533,0.8179685459316488
2017-07-24 08:00:00,2017-08-01 20:00:00,F6054,117.689,23.533,1.2103890126420538
2017-07-25 08:00:00,2017-08-02 20:00:00,F6054,117.689,23.533,1.304090180367666
2017-07-26 08:00:00,2017-08-03 20:00:00,F6054,117.689,23.533,1.924241949676798
2017-07-27 08:00:00,2017-08-04 20:00:00,F6054,117.689,23.533,0.9807710078748642
2017-07-28 08:00:00,2017-08-05 20:00:00,F6054,117.689,23.533,0.8461943174125963
2017-07-29 08:00:00,2017-08-06 20:00:00,F6054,117.689,23.533,1.5025604436053754
2017-07-30 08:00:00,2017-08-07 20:00:00,F6054,117.689,23.533,1.0518623691352786
2017-07-31 08:00:00,2017-08-08 20:00:00,F6054,117.689,23.533,0.7891505650029558
2017-08-01 08:00:00,2017-08-09 20:00:00,F6054,117.689,23.533,0.39834304231214895
2017-08-02 08:00:00,2017-08-10 20:00:00,F6054,117.689,23.533,0.9528615452703662
2017-08-03 08:00:00,2017-08-11 20:00:00,F6054,117.689,23.533,0.6207662120748411
2017-08-04 08:00:00,2017-08-12 20:00:00,F6054,117.689,23.533,1.0111207054437727
2017-08-05 08:00:00,2017-08-13 20:00:00,F6054,117.689,23.533,0.6002799524084139
2017-08-06 08:00:00,2017-08-14 20:00:00,F6054,117.689,23.533,0.8441537726004071
2017-08-07 08:00:00,2017-08-15 20:00:00,F6054,117.689,23.533,0.7367732995269307
2017-08-08 08:00:00,2017-08-16 20:00:00,F6054,117.689,23.533,0.877378651549293
2017-08-09 08:00:00,2017-08-17 20:00:00,F6054,117.689,23.533,0.7816115104825485
2017-08-10 08:00:00,2017-08-18 20:00:00,F6054,117.689,23.533,0.7056926001059765
2017-08-11 08:00:00,2017-08-19 20:00:00,F6054,117.689,23.533,0.5166369878578507
2017-08-12 08:00:00,2017-08-20 20:00:00,F6054,117.689,23.533,0.8794269251812921
2017-08-13 08:00:00,2017-08-21 20:00:00,F6054,117.689,23.533,1.4180733018213232
2017-08-14 08:00:00,2017-08-22 20:00:00,F6054,117.689,23.533,1.4492575251472315
2017-08-15 08:00:00,2017-08-23 20:00:00,F6054,117.689,23.533,1.154607469116172
2017-08-16 08:00:00,2017-08-24 20:00:00,F6054,117.689,23.533,2.1449535551992085
2017-08-17 08:00:00,2017-08-25 20:00:00,F6054,117.689,23.533,3.569502828065765
2017-08-18 08:00:00,2017-08-26 20:00:00,F6054,117.689,23.533,4.473091681623032
2017-08-19 08:00:00,2017-08-27 20:00:00,F6054,117.689,23.533,1.7143402537119528
2017-08-20 08:00:00,2017-08-28 20:00:00,F6054,117.689,23.533,2.389861866806428
2017-08-21 08:00:00,2017-08-29 20:00:00,F6054,117.689,23.533,2.0233220952515008
2017-08-22 08:00:00,2017-08-30 20:00:00,F6054,117.689,23.533,1.4271663303085234
2017-08-23 08:00:00,2017-08-31 20:00:00,F6054,117.689,23.533,1.308912933683132
2017-08-24 08:00:00,2017-09-01 20:00:00,F6054,117.689,23.533,1.2041558094042557
2017-08-25 08:00:00,2017-09-02 20:00:00,F6054,117.689,23.533,1.4648678272715188
2017-08-26 08:00:00,2017-09-03 20:00:00,F6054,117.689,23.533,1.0553113559682288
2017-08-27 08:00:00,2017-09-04 20:00:00,F6054,117.689,23.533,1.2875768426906689
2017-08-28 08:00:00,2017-09-05 20:00:00,F6054,117.689,23.533,1.0442419496768025
2017-08-29 08:00:00,2017-09-06 20:00:00,F6054,117.689,23.533,0.949670055014508
2017-08-30 08:00:00,2017-09-07 20:00:00,F6054,117.689,23.533,1.1899685774096724
2017-08-31 08:00:00,2017-09-08 20:00:00,F6054,117.689,23.533,1.6867688357016275
2017-09-01 08:00:00,2017-09-09 20:00:00,F6054,117.689,23.533,1.4561467357709716
2017-09-02 08:00:00,2017-09-10 20:00:00,F6054,117.689,23.533,0.9019460008396436
2017-09-03 08:00:00,2017-09-11 20:00:00,F6054,117.689,23.533,1.0190607563074536
2017-09-04 08:00:00,2017-09-12 20:00:00,F6054,117.689,23.533,2.3319107782290303
2017-09-05 08:00:00,2017-09-13 20:00:00,F6054,117.689,23.533,2.389016568399029
2017-09-06 08:00:00,2017-09-14 20:00:00,F6054,117.689,23.533,3.4070340237088885
2017-09-07 08:00:00,2017-09-15 20:00:00,F6054,117.689,23.533,5.39612617980788
2017-09-08 08:00:00,2017-09-16 20:00:00,F6054,117.689,23.533,3.1505420709605687
2017-09-10 08:00:00,2017-09-18 20:00:00,F6054,117.689,23.533,2.069643858937184
2017-09-11 08:00:00,2017-09-19 20:00:00,F6054,117.689,23.533,1.7166215302179353
2017-09-12 08:00:00,2017-09-20 20:00:00,F6054,117.689,23.533,1.7878423564588957
2017-09-13 08:00:00,2017-09-21 20:00:00,F6054,117.689,23.533,1.01691597809247
2017-09-14 08:00:00,2017-09-22 20:00:00,F6054,117.689,23.533,1.6122850365692332
2017-09-15 08:00:00,2017-09-23 20:00:00,F6054,117.689,23.533,1.6539730481614467
2017-09-16 08:00:00,2017-09-24 20:00:00,F6054,117.689,23.533,0.8199054560275272
2017-09-17 08:00:00,2017-09-25 20:00:00,F6054,117.689,23.533,0.9076295102023548
2017-09-18 08:00:00,2017-09-26 20:00:00,F6054,117.689,23.533,0.4581406141807065
2017-09-19 08:00:00,2017-09-27 20:00:00,F6054,117.689,23.533,1.298975993983845
2017-09-20 08:00:00,2017-09-28 20:00:00,F6054,117.689,23.533,1.0367460145989753
2017-09-21 08:00:00,2017-09-29 20:00:00,F6054,117.689,23.533,1.5078020552107319
2017-09-22 08:00:00,2017-09-30 20:00:00,F6054,117.689,23.533,2.2380661189956754
2017-09-23 08:00:00,2017-10-01 20:00:00,F6054,117.689,23.533,2.5031257896044963
2017-09-24 08:00:00,2017-10-02 20:00:00,F6054,117.689,23.533,2.348646481601122
2017-09-25 08:00:00,2017-10-03 20:00:00,F6054,117.689,23.533,2.2090320470682627
2017-09-26 08:00:00,2017-10-04 20:00:00,F6054,117.689,23.533,2.525652594083226
2017-09-27 08:00:00,2017-10-05 20:00:00,F6054,117.689,23.533,2.3269177552568863
2017-09-28 08:00:00,2017-10-06 20:00:00,F6054,117.689,23.533,3.3605081101055703
2017-09-29 08:00:00,2017-10-07 20:00:00,F6054,117.689,23.533,3.4811678405358184
2017-09-30 08:00:00,2017-10-08 20:00:00,F6054,117.689,23.533,2.401444283533692
2017-10-01 08:00:00,2017-10-09 20:00:00,F6054,117.689,23.533,2.9958267636130813
2017-10-02 08:00:00,2017-10-10 20:00:00,F6054,117.689,23.533,3.2323073965724234
2017-10-03 08:00:00,2017-10-11 20:00:00,F6054,117.689,23.533,3.9053142569064216
2017-10-04 08:00:00,2017-10-12 20:00:00,F6054,117.689,23.533,3.39371462533984
2017-10-05 08:00:00,2017-10-13 20:00:00,F6054,117.689,23.533,3.969000436648912
2017-10-06 08:00:00,2017-10-14 20:00:00,F6054,117.689,23.533,3.418867429648799
2017-10-07 08:00:00,2017-10-15 20:00:00,F6054,117.689,23.533,4.7692779846338444
2017-10-08 08:00:00,2017-10-16 20:00:00,F6054,117.689,23.533,4.0979202764107185
2017-10-09 08:00:00,2017-10-17 20:00:00,F6054,117.689,23.533,2.547986676706728
2017-10-10 08:00:00,2017-10-18 20:00:00,F6054,117.689,23.533,2.2286330419204887
2017-10-11 08:00:00,2017-10-19 20:00:00,F6054,117.689,23.533,3.308055068229919
2017-10-12 08:00:00,2017-10-20 20:00:00,F6054,117.689,23.533,3.5053569598359218
2017-10-13 08:00:00,2017-10-21 20:00:00,F6054,117.689,23.533,2.672324484833325
2017-10-14 08:00:00,2017-10-22 20:00:00,F6054,117.689,23.533,3.716279467517893
2017-10-15 08:00:00,2017-10-23 20:00:00,F6054,117.689,23.533,2.1544636342180183
2017-10-16 08:00:00,2017-10-24 20:00:00,F6054,117.689,23.533,3.8327637490576763
2017-10-17 08:00:00,2017-10-25 20:00:00,F6054,117.689,23.533,2.5950783890124285
2017-10-18 08:00:00,2017-10-26 20:00:00,F6054,117.689,23.533,2.1707056149764408
2017-10-19 08:00:00,2017-10-27 20:00:00,F6054,117.689,23.533,3.3740592614395837
2017-10-20 08:00:00,2017-10-28 20:00:00,F6054,117.689,23.533,2.469003385183441
2017-10-21 08:00:00,2017-10-29 20:00:00,F6054,117.689,23.533,1.7273228429590972
2017-10-22 08:00:00,2017-10-30 20:00:00,F6054,117.689,23.533,3.6452563294766382
2017-10-23 08:00:00,2017-10-31 20:00:00,F6054,117.689,23.533,2.191076866794901
2017-10-24 08:00:00,2017-11-01 20:00:00,F6054,117.689,23.533,2.3677382511995115
2017-10-25 08:00:00,2017-11-02 20:00:00,F6054,117.689,23.533,3.6463962203488336
2017-10-26 08:00:00,2017-11-03 20:00:00,F6054,117.689,23.533,4.365213270789013
2017-10-27 08:00:00,2017-11-04 20:00:00,F6054,117.689,23.533,3.6870442697830867
2017-10-28 08:00:00,2017-11-05 20:00:00,F6054,117.689,23.533,1.85672375873412
2017-10-29 08:00:00,2017-11-06 20:00:00,F6054,117.689,23.533,1.8282242311740904
2017-10-30 08:00:00,2017-11-07 20:00:00,F6054,117.689,23.533,2.339901459652652
2017-10-31 08:00:00,2017-11-08 20:00:00,F6054,117.689,23.533,3.00518828477891
2017-11-01 08:00:00,2017-11-09 20:00:00,F6054,117.689,23.533,2.205889282062003
2017-11-02 08:00:00,2017-11-10 20:00:00,F6054,117.689,23.533,3.0353720116263503
2017-11-03 08:00:00,2017-11-11 20:00:00,F6054,117.689,23.533,2.3962623792568816
2017-11-04 08:00:00,2017-11-12 20:00:00,F6054,117.689,23.533,0.9709124352878008
2017-11-05 08:00:00,2017-11-13 20:00:00,F6054,117.689,23.533,2.017548324546169
2017-11-06 08:00:00,2017-11-14 20:00:00,F6054,117.689,23.533,3.193063337594822
2017-11-07 08:00:00,2017-11-15 20:00:00,F6054,117.689,23.533,2.992756583646951
2017-11-08 08:00:00,2017-11-16 20:00:00,F6054,117.689,23.533,1.344694579580164
2017-11-09 08:00:00,2017-11-17 20:00:00,F6054,117.689,23.533,2.9666222433638723
2017-11-10 08:00:00,2017-11-18 20:00:00,F6054,117.689,23.533,4.541075210597113
2017-11-11 08:00:00,2017-11-19 20:00:00,F6054,117.689,23.533,4.381651509325252
2017-11-12 08:00:00,2017-11-20 20:00:00,F6054,117.689,23.533,2.3760567702382787
2017-11-13 08:00:00,2017-11-21 20:00:00,F6054,117.689,23.533,2.2417443611133194
2017-11-14 08:00:00,2017-11-22 20:00:00,F6054,117.689,23.533,2.69821762206891
2017-11-15 08:00:00,2017-11-23 20:00:00,F6054,117.689,23.533,2.6869131559492416
2017-11-16 08:00:00,2017-11-24 20:00:00,F6054,117.689,23.533,2.725770666440553
2017-11-17 08:00:00,2017-11-25 20:00:00,F6054,117.689,23.533,2.588139113092666
2017-11-18 08:00:00,2017-11-26 20:00:00,F6054,117.689,23.533,2.9915964764388723
2017-11-19 08:00:00,2017-11-27 20:00:00,F6054,117.689,23.533,4.7922387717826505
2017-11-20 08:00:00,2017-11-28 20:00:00,F6054,117.689,23.533,0.9419903849391176
2017-11-22 08:00:00,2017-11-30 20:00:00,F6054,117.689,23.533,2.7363239856422297
2017-11-23 08:00:00,2017-12-01 20:00:00,F6054,117.689,23.533,2.276277822931433
2017-11-24 08:00:00,2017-12-02 20:00:00,F6054,117.689,23.533,3.157528610974964
2017-11-25 08:00:00,2017-12-03 20:00:00,F6054,117.689,23.533,2.9808197599113555
2017-11-26 08:00:00,2017-12-04 20:00:00,F6054,117.689,23.533,2.6305242596293965
2017-11-27 08:00:00,2017-12-05 20:00:00,F6054,117.689,23.533,3.2128290784874025
2017-11-28 08:00:00,2017-12-06 20:00:00,F6054,117.689,23.533,3.3218326132142693
2017-11-29 08:00:00,2017-12-07 20:00:00,F6054,117.689,23.533,3.457266745786569
2017-11-30 08:00:00,2017-12-08 20:00:00,F6054,117.689,23.533,3.134734833232073
2017-12-01 08:00:00,2017-12-09 20:00:00,F6054,117.689,23.533,3.354662427732705
2017-12-02 08:00:00,2017-12-10 20:00:00,F6054,117.689,23.533,3.1513679772781416
2017-12-03 08:00:00,2017-12-11 20:00:00,F6054,117.689,23.533,4.652540938218977
2017-12-04 08:00:00,2017-12-12 20:00:00,F6054,117.689,23.533,3.328238024074949
2017-12-05 08:00:00,2017-12-13 20:00:00,F6054,117.689,23.533,3.337418820469793
2017-12-06 08:00:00,2017-12-14 20:00:00,F6054,117.689,23.533,3.309364523056728
2017-12-07 08:00:00,2017-12-15 20:00:00,F6054,117.689,23.533,1.6160812301241094
2017-12-08 08:00:00,2017-12-16 20:00:00,F6054,117.689,23.533,4.607465961012507
2017-12-09 08:00:00,2017-12-17 20:00:00,F6054,117.689,23.533,4.950696556593472
2017-12-10 08:00:00,2017-12-18 20:00:00,F6054,117.689,23.533,4.508816491597372
2017-12-11 08:00:00,2017-12-19 20:00:00,F6054,117.689,23.533,3.4183386157709483
2017-12-12 08:00:00,2017-12-20 20:00:00,F6054,117.689,23.533,3.745399181355197
2017-12-13 08:00:00,2017-12-21 20:00:00,F6054,117.689,23.533,3.709712018349478
2017-12-14 08:00:00,2017-12-22 20:00:00,F6054,117.689,23.533,2.121556237664436
2017-12-15 08:00:00,2017-12-23 20:00:00,F6054,117.689,23.533,1.2487201597168678
2017-12-16 08:00:00,2017-12-24 20:00:00,F6054,117.689,23.533,3.6626687290485047
2017-12-17 08:00:00,2017-12-25 20:00:00,F6054,117.689,23.533,3.5773033239904635
2017-12-18 08:00:00,2017-12-26 20:00:00,F6054,117.689,23.533,1.5274874065953554
2017-12-19 08:00:00,2017-12-27 20:00:00,F6054,117.689,23.533,0.7441878823092338
2017-12-20 08:00:00,2017-12-28 20:00:00,F6054,117.689,23.533,1.7377240489992118
2017-12-21 08:00:00,2017-12-29 20:00:00,F6054,117.689,23.533,1.594143323716935
2017-12-22 08:00:00,2017-12-30 20:00:00,F6054,117.689,23.533,2.527829213328573
2017-12-23 08:00:00,2017-12-31 20:00:00,F6054,117.689,23.533,3.396173893889113
2017-12-24 08:00:00,2018-01-01 20:00:00,F6054,117.689,23.533,2.546201138081869
2017-12-25 08:00:00,2018-01-02 20:00:00,F6054,117.689,23.533,2.6298548876427503
2017-12-26 08:00:00,2018-01-03 20:00:00,F6054,117.689,23.533,0.7436869176902974
2017-12-27 08:00:00,2018-01-04 20:00:00,F6054,117.689,23.533,2.1097040869110515
2017-12-28 08:00:00,2018-01-05 20:00:00,F6054,117.689,23.533,2.325110687866413
2017-12-29 08:00:00,2018-01-06 20:00:00,F6054,117.689,23.533,1.3333368316284575
2017-12-30 08:00:00,2018-01-07 20:00:00,F6054,117.689,23.533,0.43307048812800986
2017-12-31 08:00:00,2018-01-08 20:00:00,F6054,117.689,23.533,3.439352617698773
2018-01-01 08:00:00,2018-01-09 20:00:00,F6054,117.689,23.533,3.1896121740544463
2018-01-02 08:00:00,2018-01-10 20:00:00,F6054,117.689,23.533,2.9274330226696748
2018-01-03 08:00:00,2018-01-11 20:00:00,F6054,117.689,23.533,4.174822723630314
2018-01-04 08:00:00,2018-01-12 20:00:00,F6054,117.689,23.533,2.838101796179444
2018-01-05 08:00:00,2018-01-13 20:00:00,F6054,117.689,23.533,3.0406053613822905
2018-01-06 08:00:00,2018-01-14 20:00:00,F6054,117.689,23.533,1.7420977652799363
2018-01-07 08:00:00,2018-01-15 20:00:00,F6054,117.689,23.533,0.7506810980410137
2018-01-08 08:00:00,2018-01-16 20:00:00,F6054,117.689,23.533,1.1457427071391066
2018-01-09 08:00:00,2018-01-17 20:00:00,F6054,117.689,23.533,2.588964357886539
2018-01-10 08:00:00,2018-01-18 20:00:00,F6054,117.689,23.533,1.4250075333339964
2018-01-11 08:00:00,2018-01-19 20:00:00,F6054,117.689,23.533,1.4245014861883192
2018-01-12 08:00:00,2018-01-20 20:00:00,F6054,117.689,23.533,1.5805068061575869
2018-01-13 08:00:00,2018-01-21 20:00:00,F6054,117.689,23.533,0.4309210541903212
2018-01-14 08:00:00,2018-01-22 20:00:00,F6054,117.689,23.533,1.2670670458271616
2018-01-15 08:00:00,2018-01-23 20:00:00,F6054,117.689,23.533,4.174463781224517
2018-01-16 08:00:00,2018-01-24 20:00:00,F6054,117.689,23.533,2.8217467057457952
2018-01-17 08:00:00,2018-01-25 20:00:00,F6054,117.689,23.533,3.4326337155431474
2018-01-19 08:00:00,2018-01-27 20:00:00,F6054,117.689,23.533,1.1170760566138824
2018-01-20 08:00:00,2018-01-28 20:00:00,F6054,117.689,23.533,3.859239614780108
2018-01-22 08:00:00,2018-01-30 20:00:00,F6054,117.689,23.533,3.6505330522121535
2018-01-23 08:00:00,2018-01-31 20:00:00,F6054,117.689,23.533,3.0285674888615404
2018-01-24 08:00:00,2018-02-01 20:00:00,F6054,117.689,23.533,3.7606457761893353
2018-01-25 08:00:00,2018-02-02 20:00:00,F6054,117.689,23.533,4.02268821899122
2018-01-26 08:00:00,2018-02-03 20:00:00,F6054,117.689,23.533,4.059976858939764
2018-01-27 08:00:00,2018-02-04 20:00:00,F6054,117.689,23.533,4.067380453938995
2018-01-28 08:00:00,2018-02-05 20:00:00,F6054,117.689,23.533,4.1149020221787405
2018-01-29 08:00:00,2018-02-06 20:00:00,F6054,117.689,23.533,3.660267014430248
2018-01-30 08:00:00,2018-02-07 20:00:00,F6054,117.689,23.533,2.2537100830816144
2018-01-31 08:00:00,2018-02-08 20:00:00,F6054,117.689,23.533,3.3423917495967994
2018-02-01 08:00:00,2018-02-09 20:00:00,F6054,117.689,23.533,1.474984012185132
2018-02-02 08:00:00,2018-02-10 20:00:00,F6054,117.689,23.533,2.612719781814121
2018-02-03 08:00:00,2018-02-11 20:00:00,F6054,117.689,23.533,3.1152096523899218
2018-02-04 08:00:00,2018-02-12 20:00:00,F6054,117.689,23.533,1.072198703801405
2018-02-05 08:00:00,2018-02-13 20:00:00,F6054,117.689,23.533,0.4679013464665331
2018-02-06 08:00:00,2018-02-14 20:00:00,F6054,117.689,23.533,0.3986688576045481
2018-02-07 08:00:00,2018-02-15 20:00:00,F6054,117.689,23.533,0.5871422883619744
2018-02-08 08:00:00,2018-02-16 20:00:00,F6054,117.689,23.533,1.8019712752694657
2018-02-09 08:00:00,2018-02-17 20:00:00,F6054,117.689,23.533,0.2572659260896444
2018-02-12 08:00:00,2018-02-20 20:00:00,F6054,117.689,23.533,3.30362820681853
2018-02-13 08:00:00,2018-02-21 20:00:00,F6054,117.689,23.533,1.1075017795888016
2018-02-14 08:00:00,2018-02-22 20:00:00,F6054,117.689,23.533,2.4214179410053016
2018-02-15 08:00:00,2018-02-23 20:00:00,F6054,117.689,23.533,1.2126161334500694
2018-02-16 08:00:00,2018-02-24 20:00:00,F6054,117.689,23.533,0.7874894550565159
2018-02-17 08:00:00,2018-02-25 20:00:00,F6054,117.689,23.533,1.9448938787228367
2018-02-18 08:00:00,2018-02-26 20:00:00,F6054,117.689,23.533,1.0320504272426658
2018-02-19 08:00:00,2018-02-27 20:00:00,F6054,117.689,23.533,0.4796655096423592
2018-02-20 08:00:00,2018-02-28 20:00:00,F6054,117.689,23.533,2.349138165391309
2018-02-21 08:00:00,2018-03-01 20:00:00,F6054,117.689,23.533,1.1293165151546418
2018-02-22 08:00:00,2018-03-02 20:00:00,F6054,117.689,23.533,0.4059507156072186
2018-02-23 08:00:00,2018-03-03 20:00:00,F6054,117.689,23.533,1.127448056074627
2018-02-24 08:00:00,2018-03-04 20:00:00,F6054,117.689,23.533,0.8005108080498076
2018-02-25 08:00:00,2018-03-05 20:00:00,F6054,117.689,23.533,2.7773980091642443
2018-02-26 08:00:00,2018-03-06 20:00:00,F6054,117.689,23.533,1.1220014055232923
2018-02-27 08:00:00,2018-03-07 20:00:00,F6054,117.689,23.533,2.6735028350855146
2018-02-28 08:00:00,2018-03-08 20:00:00,F6054,117.689,23.533,2.221241565238984
2018-03-01 08:00:00,2018-03-09 20:00:00,F6054,117.689,23.533,2.3934827412407462
2018-03-02 08:00:00,2018-03-10 20:00:00,F6054,117.689,23.533,3.207046821008817
2018-03-03 08:00:00,2018-03-11 20:00:00,F6054,117.689,23.533,1.083695387049147
2018-03-04 08:00:00,2018-03-12 20:00:00,F6054,117.689,23.533,1.2369012592868105
2018-03-05 08:00:00,2018-03-13 20:00:00,F6054,117.689,23.533,1.3557920191740322
2018-03-06 08:00:00,2018-03-14 20:00:00,F6054,117.689,23.533,1.0497396418451217
2018-03-07 08:00:00,2018-03-15 20:00:00,F6054,117.689,23.533,0.6152129477501376
2018-03-09 08:00:00,2018-03-17 20:00:00,F6054,117.689,23.533,1.4603696072322236
2018-03-10 08:00:00,2018-03-18 20:00:00,F6054,117.689,23.533,0.956231357862066
2018-03-11 08:00:00,2018-03-19 20:00:00,F6054,117.689,23.533,2.2642603966995694
2018-03-12 08:00:00,2018-03-20 20:00:00,F6054,117.689,23.533,1.3109752885719672
2018-03-13 08:00:00,2018-03-21 20:00:00,F6054,117.689,23.533,2.860704867334448
2018-03-14 08:00:00,2018-03-22 20:00:00,F6054,117.689,23.533,2.196156805627993
2018-03-15 08:00:00,2018-03-23 20:00:00,F6054,117.689,23.533,1.895253015731555
2018-03-16 08:00:00,2018-03-24 20:00:00,F6054,117.689,23.533,2.2257403450919355
2018-03-17 08:00:00,2018-03-25 20:00:00,F6054,117.689,23.533,1.4536075038994345
2018-03-18 08:00:00,2018-03-26 20:00:00,F6054,117.689,23.533,0.6263776023097307
2018-03-19 08:00:00,2018-03-27 20:00:00,F6054,117.689,23.533,0.9323190210585608
2018-03-20 08:00:00,2018-03-28 20:00:00,F6054,117.689,23.533,0.9764051700425398
2018-03-21 08:00:00,2018-03-29 20:00:00,F6054,117.689,23.533,0.5235393298347617
2018-03-22 08:00:00,2018-03-30 20:00:00,F6054,117.689,23.533,1.2209858421920217
2018-03-23 08:00:00,2018-03-31 20:00:00,F6054,117.689,23.533,2.0095623627631767
2018-03-24 08:00:00,2018-04-01 20:00:00,F6054,117.689,23.533,0.17500807476176305
2018-03-25 08:00:00,2018-04-02 20:00:00,F6054,117.689,23.533,0.8698594241711817
2018-03-26 08:00:00,2018-04-03 20:00:00,F6054,117.689,23.533,1.0467609528301411
2018-03-28 08:00:00,2018-04-05 20:00:00,F6054,117.689,23.533,2.242189224934691
2018-03-29 08:00:00,2018-04-06 20:00:00,F6054,117.689,23.533,3.5468565024712007
2018-03-30 08:00:00,2018-04-07 20:00:00,F6054,117.689,23.533,1.891976610423285
2018-03-31 08:00:00,2018-04-08 20:00:00,F6054,117.689,23.533,0.3323395380579086
2018-04-01 08:00:00,2018-04-09 20:00:00,F6054,117.689,23.533,0.9234899542477706
2018-04-02 08:00:00,2018-04-10 20:00:00,F6054,117.689,23.533,2.1716849801071016
2018-04-03 08:00:00,2018-04-11 20:00:00,F6054,117.689,23.533,1.7509887282526506
2018-04-04 08:00:00,2018-04-12 20:00:00,F6054,117.689,23.533,0.7379685459317216
2018-04-05 08:00:00,2018-04-13 20:00:00,F6054,117.689,23.533,0.6191792499761277
2018-04-06 08:00:00,2018-04-14 20:00:00,F6054,117.689,23.533,2.8686348756851885
2018-04-07 08:00:00,2018-04-15 20:00:00,F6054,117.689,23.533,3.6070745495808296
2018-04-08 08:00:00,2018-04-16 20:00:00,F6054,117.689,23.533,2.8861634147331188
2018-04-09 08:00:00,2018-04-17 20:00:00,F6054,117.689,23.533,2.2632096794361587
2018-04-10 08:00:00,2018-04-18 20:00:00,F6054,117.689,23.533,2.5696539287943096
2018-04-11 08:00:00,2018-04-19 20:00:00,F6054,117.689,23.533,1.8445162298166904
2018-04-12 08:00:00,2018-04-20 20:00:00,F6054,117.689,23.533,1.621983219528147
2018-04-13 08:00:00,2018-04-21 20:00:00,F6054,117.689,23.533,1.3788292428433806
2018-04-14 08:00:00,2018-04-22 20:00:00,F6054,117.689,23.533,0.9515204341553272
2018-04-15 08:00:00,2018-04-23 20:00:00,F6054,117.689,23.533,2.0917198743597964
2018-04-16 08:00:00,2018-04-24 20:00:00,F6054,117.689,23.533,2.6508642511681733
2018-04-17 08:00:00,2018-04-25 20:00:00,F6054,117.689,23.533,1.492328340006793
2018-04-18 08:00:00,2018-04-26 20:00:00,F6054,117.689,23.533,1.3821626670255682
2018-04-19 08:00:00,2018-04-27 20:00:00,F6054,117.689,23.533,1.5423404007784711
2018-04-20 08:00:00,2018-04-28 20:00:00,F6054,117.689,23.533,1.2409036577676034
2018-04-21 08:00:00,2018-04-29 20:00:00,F6054,117.689,23.533,0.7329558563964156
2018-04-22 08:00:00,2018-04-30 20:00:00,F6054,117.689,23.533,0.4761950107358643
2018-04-23 08:00:00,2018-05-01 20:00:00,F6054,117.689,23.533,0.5917105998264561
2018-04-24 08:00:00,2018-05-02 20:00:00,F6054,117.689,23.533,0.8845918976741132
2018-04-25 08:00:00,2018-05-03 20:00:00,F6054,117.689,23.533,2.5887777449786427
2018-04-26 08:00:00,2018-05-04 20:00:00,F6054,117.689,23.533,0.9413778730238392
2018-04-27 08:00:00,2018-05-05 20:00:00,F6054,117.689,23.533,0.5831567048842317
2018-04-28 08:00:00,2018-05-06 20:00:00,F6054,117.689,23.533,0.415201795067901
2018-04-29 08:00:00,2018-05-07 20:00:00,F6054,117.689,23.533,1.2596324231127485
2018-04-30 08:00:00,2018-05-08 20:00:00,F6054,117.689,23.533,3.057459839178477
2018-05-01 08:00:00,2018-05-09 20:00:00,F6054,117.689,23.533,2.415597828048476
2018-05-02 08:00:00,2018-05-10 20:00:00,F6054,117.689,23.533,3.4429782671096514
2018-05-03 08:00:00,2018-05-11 20:00:00,F6054,117.689,23.533,0.7540616656584689
2018-05-04 08:00:00,2018-05-12 20:00:00,F6054,117.689,23.533,0.5897736897303503
2018-05-05 08:00:00,2018-05-13 20:00:00,F6054,117.689,23.533,0.5337588562252904
2018-05-06 08:00:00,2018-05-14 20:00:00,F6054,117.689,23.533,0.5187579778656755
2018-05-07 08:00:00,2018-05-15 20:00:00,F6054,117.689,23.533,1.039328844235456
2018-05-08 08:00:00,2018-05-16 20:00:00,F6054,117.689,23.533,0.7038259359786707
2018-05-09 08:00:00,2018-05-17 20:00:00,F6054,117.689,23.533,0.7359443274360729
2018-05-10 08:00:00,2018-05-18 20:00:00,F6054,117.689,23.533,0.11654881078152356
2018-05-11 08:00:00,2018-05-19 20:00:00,F6054,117.689,23.533,0.4445488368320412
2018-05-12 08:00:00,2018-05-20 20:00:00,F6054,117.689,23.533,0.754904845765509
2018-05-13 08:00:00,2018-05-21 20:00:00,F6054,117.689,23.533,0.4299592894527677
2018-05-14 08:00:00,2018-05-22 20:00:00,F6054,117.689,23.533,2.20149095040631
2018-05-15 08:00:00,2018-05-23 20:00:00,F6054,117.689,23.533,1.3566783405364051
2018-05-16 08:00:00,2018-05-24 20:00:00,F6054,117.689,23.533,1.3794310995699561
2018-05-17 08:00:00,2018-05-25 20:00:00,F6054,117.689,23.533,0.653161250256062
2018-05-18 08:00:00,2018-05-26 20:00:00,F6054,117.689,23.533,0.6837035341784485
2018-05-19 08:00:00,2018-05-27 20:00:00,F6054,117.689,23.533,0.8451027057238889
2018-05-20 08:00:00,2018-05-28 20:00:00,F6054,117.689,23.533,1.7423365186185718
2018-05-21 08:00:00,2018-05-29 20:00:00,F6054,117.689,23.533,1.9633881036634195
2018-05-22 08:00:00,2018-05-30 20:00:00,F6054,117.689,23.533,0.6725558982338953
2018-05-23 08:00:00,2018-05-31 20:00:00,F6054,117.689,23.533,0.6628067568867664
2018-05-24 08:00:00,2018-06-01 20:00:00,F6054,117.689,23.533,1.5268384815992704
2018-05-25 08:00:00,2018-06-02 20:00:00,F6054,117.689,23.533,2.1955986025583343
2018-05-26 08:00:00,2018-06-03 20:00:00,F6054,117.689,23.533,2.6415534653474424
2018-05-27 08:00:00,2018-06-04 20:00:00,F6054,117.689,23.533,1.9730221718793928
2018-05-28 08:00:00,2018-06-05 20:00:00,F6054,117.689,23.533,2.23851738682356
2018-05-29 08:00:00,2018-06-06 20:00:00,F6054,117.689,23.533,2.480002212503564
2018-05-30 08:00:00,2018-06-07 20:00:00,F6054,117.689,23.533,1.8813668524392144
2018-05-31 08:00:00,2018-06-08 20:00:00,F6054,117.689,23.533,2.184576283731303
2018-06-01 08:00:00,2018-06-09 20:00:00,F6054,117.689,23.533,1.399092453053413
2018-06-02 08:00:00,2018-06-10 20:00:00,F6054,117.689,23.533,2.5600519940043114
2018-06-03 08:00:00,2018-06-11 20:00:00,F6054,117.689,23.533,2.4736060460890026
2018-06-04 08:00:00,2018-06-12 20:00:00,F6054,117.689,23.533,2.4858753211545945
2018-06-05 08:00:00,2018-06-13 20:00:00,F6054,117.689,23.533,1.8079158659666064
2018-06-06 08:00:00,2018-06-14 20:00:00,F6054,117.689,23.533,3.2623469652976382
2018-06-07 08:00:00,2018-06-15 20:00:00,F6054,117.689,23.533,0.7341189981183334
2018-06-08 08:00:00,2018-06-16 20:00:00,F6054,117.689,23.533,0.27206742554596985
2018-06-09 08:00:00,2018-06-17 20:00:00,F6054,117.689,23.533,0.9091161093454048
2018-06-10 08:00:00,2018-06-18 20:00:00,F6054,117.689,23.533,0.2380883245849645
2018-06-11 08:00:00,2018-06-19 20:00:00,F6054,117.689,23.533,1.2789196196409875
2018-06-12 08:00:00,2018-06-20 20:00:00,F6054,117.689,23.533,0.5919224337068272
2018-06-13 08:00:00,2018-06-21 20:00:00,F6054,117.689,23.533,0.9490558798295295
2018-06-14 08:00:00,2018-06-22 20:00:00,F6054,117.689,23.533,0.3870544743059554
2018-06-15 08:00:00,2018-06-23 20:00:00,F6054,117.689,23.533,0.2843610420324012
2018-06-16 08:00:00,2018-06-24 20:00:00,F6054,117.689,23.533,0.5766447166779471
2018-06-17 08:00:00,2018-06-25 20:00:00,F6054,117.689,23.533,0.8390351986874975
2018-06-18 08:00:00,2018-06-26 20:00:00,F6054,117.689,23.533,0.6815633758891408
2018-06-19 08:00:00,2018-06-27 20:00:00,F6054,117.689,23.533,0.5000245483830668
2018-06-20 08:00:00,2018-06-28 20:00:00,F6054,117.689,23.533,0.5007662120749501
2018-06-21 08:00:00,2018-06-29 20:00:00,F6054,117.689,23.533,0.4623127684005794
2018-06-22 08:00:00,2018-06-30 20:00:00,F6054,117.689,23.533,0.4413520421724115
2018-06-23 08:00:00,2018-07-01 20:00:00,F6054,117.689,23.533,0.5816666171942869
2018-06-24 08:00:00,2018-07-02 20:00:00,F6054,117.689,23.533,0.5960162084246576
2018-06-25 08:00:00,2018-07-03 20:00:00,F6054,117.689,23.533,0.413368519687765
2018-06-26 08:00:00,2018-07-04 20:00:00,F6054,117.689,23.533,0.6862979521284842
2018-06-27 08:00:00,2018-07-05 20:00:00,F6054,117.689,23.533,0.8008499913025844
2018-06-28 08:00:00,2018-07-06 20:00:00,F6054,117.689,23.533,1.1836608573063359
2018-06-29 08:00:00,2018-07-07 20:00:00,F6054,117.689,23.533,1.5529702070499525
2018-06-30 08:00:00,2018-07-08 20:00:00,F6054,117.689,23.533,0.9540523467098864
2018-07-01 08:00:00,2018-07-09 20:00:00,F6054,117.689,23.533,0.8745964430457889
2018-07-02 08:00:00,2018-07-10 20:00:00,F6054,117.689,23.533,3.2718869539788784
2018-07-03 08:00:00,2018-07-11 20:00:00,F6054,117.689,23.533,1.1656502766403491
2018-07-04 08:00:00,2018-07-12 20:00:00,F6054,117.689,23.533,2.1861896507185747
2018-07-05 08:00:00,2018-07-13 20:00:00,F6054,117.689,23.533,2.2568989978374248
2018-07-06 08:00:00,2018-07-14 20:00:00,F6054,117.689,23.533,2.9336293962367117
2018-07-07 08:00:00,2018-07-15 20:00:00,F6054,117.689,23.533,2.2140981117331653
2018-07-08 08:00:00,2018-07-16 20:00:00,F6054,117.689,23.533,1.8607675736119518
2018-07-09 08:00:00,2018-07-17 20:00:00,F6054,117.689,23.533,2.378518690771444
2018-07-10 08:00:00,2018-07-18 20:00:00,F6054,117.689,23.533,3.124129327730543
2018-07-11 08:00:00,2018-07-19 20:00:00,F6054,117.689,23.533,2.761380821558305
2018-07-12 08:00:00,2018-07-20 20:00:00,F6054,117.689,23.533,1.8118236142237265
2018-07-13 08:00:00,2018-07-21 20:00:00,F6054,117.689,23.533,2.2556870925608337
2018-07-14 08:00:00,2018-07-22 20:00:00,F6054,117.689,23.533,2.246313409768163
2018-07-15 08:00:00,2018-07-23 20:00:00,F6054,117.689,23.533,0.37828588515571937
2018-07-16 08:00:00,2018-07-24 20:00:00,F6054,117.689,23.533,0.0760938053369955
2018-07-17 08:00:00,2018-07-25 20:00:00,F6054,117.689,23.533,0.6925323218537187
2018-07-18 08:00:00,2018-07-26 20:00:00,F6054,117.689,23.533,1.0227314353261363
2018-07-19 08:00:00,2018-07-27 20:00:00,F6054,117.689,23.533,1.7268935015850957
2018-07-20 08:00:00,2018-07-28 20:00:00,F6054,117.689,23.533,1.7932681957050818
2018-07-21 08:00:00,2018-07-29 20:00:00,F6054,117.689,23.533,1.0283269773678971
2018-07-22 08:00:00,2018-07-30 20:00:00,F6054,117.689,23.533,0.6656926001063539
2018-07-23 08:00:00,2018-07-31 20:00:00,F6054,117.689,23.533,0.6841383149608191
2018-07-24 08:00:00,2018-08-01 20:00:00,F6054,117.689,23.533,0.7448473016988828
2018-07-25 08:00:00,2018-08-02 20:00:00,F6054,117.689,23.533,0.9916658276218868
2018-07-26 08:00:00,2018-08-03 20:00:00,F6054,117.689,23.533,1.4035381383673666
2018-07-27 08:00:00,2018-08-04 20:00:00,F6054,117.689,23.533,1.6443936120150509
2018-07-28 08:00:00,2018-08-05 20:00:00,F6054,117.689,23.533,1.206370671564969
2018-07-29 08:00:00,2018-08-06 20:00:00,F6054,117.689,23.533,1.3683274601704625
2018-07-30 08:00:00,2018-08-07 20:00:00,F6054,117.689,23.533,1.6372665987797743
2018-07-31 08:00:00,2018-08-08 20:00:00,F6054,117.689,23.533,2.2807867252113283
2018-08-01 08:00:00,2018-08-09 20:00:00,F6054,117.689,23.533,1.2552381547860705
2018-08-02 08:00:00,2018-08-10 20:00:00,F6054,117.689,23.533,3.0938826574001723
2018-08-03 08:00:00,2018-08-11 20:00:00,F6054,117.689,23.533,2.1284392336051496
2018-08-04 08:00:00,2018-08-12 20:00:00,F6054,117.689,23.533,1.1478351910483298
2018-08-05 08:00:00,2018-08-13 20:00:00,F6054,117.689,23.533,2.1798899983880347
2018-08-06 08:00:00,2018-08-14 20:00:00,F6054,117.689,23.533,2.1999174501802368
2018-08-07 08:00:00,2018-08-15 20:00:00,F6054,117.689,23.533,0.6278824095630853
2018-08-08 08:00:00,2018-08-16 20:00:00,F6054,117.689,23.533,0.6035002859853194
2018-08-09 08:00:00,2018-08-17 20:00:00,F6054,117.689,23.533,1.2809415573340177
2018-08-10 08:00:00,2018-08-18 20:00:00,F6054,117.689,23.533,1.13113350539561
2018-08-11 08:00:00,2018-08-19 20:00:00,F6054,117.689,23.533,0.8131612502559165
2018-08-12 08:00:00,2018-08-20 20:00:00,F6054,117.689,23.533,1.5320929831656258
2018-08-13 08:00:00,2018-08-21 20:00:00,F6054,117.689,23.533,0.15470394396606935
2018-08-14 08:00:00,2018-08-22 20:00:00,F6054,117.689,23.533,1.3218389067194494
2018-08-15 08:00:00,2018-08-23 20:00:00,F6054,117.689,23.533,0.4277331449183066
2018-08-16 08:00:00,2018-08-24 20:00:00,F6054,117.689,23.533,0.3802398240201228
2018-08-17 08:00:00,2018-08-25 20:00:00,F6054,117.689,23.533,2.0766612522751298
2018-08-18 08:00:00,2018-08-26 20:00:00,F6054,117.689,23.533,0.5771932431132427
2018-08-19 08:00:00,2018-08-27 20:00:00,F6054,117.689,23.533,1.8743555344867675
2018-08-20 08:00:00,2018-08-28 20:00:00,F6054,117.689,23.533,1.337846729728426
2018-08-21 08:00:00,2018-08-29 20:00:00,F6054,117.689,23.533,1.0602063264796016
2018-08-22 08:00:00,2018-08-30 20:00:00,F6054,117.689,23.533,0.6906060349392646
2018-08-23 08:00:00,2018-08-31 20:00:00,F6054,117.689,23.533,0.9649430795515171
2018-08-24 08:00:00,2018-09-01 20:00:00,F6054,117.689,23.533,0.4211161600719606
2018-08-25 08:00:00,2018-09-02 20:00:00,F6054,117.689,23.533,0.6159280011197552
2018-08-26 08:00:00,2018-09-03 20:00:00,F6054,117.689,23.533,1.6394573746507604
2018-08-27 08:00:00,2018-09-04 20:00:00,F6054,117.689,23.533,0.7216409851105254
2018-08-28 08:00:00,2018-09-05 20:00:00,F6054,117.689,23.533,1.036661252275053
2018-08-29 08:00:00,2018-09-06 20:00:00,F6054,117.689,23.533,1.227091738979084
2018-08-30 08:00:00,2018-09-07 20:00:00,F6054,117.689,23.533,1.175091607222612
2018-08-31 08:00:00,2018-09-08 20:00:00,F6054,117.689,23.533,1.6181378567411002
2018-09-01 08:00:00,2018-09-09 20:00:00,F6054,117.689,23.533,2.8877731874014216
2018-09-02 08:00:00,2018-09-10 20:00:00,F6054,117.689,23.533,2.1583704712616054
2018-09-03 08:00:00,2018-09-11 20:00:00,F6054,117.689,23.533,1.7876143294497524
2018-09-04 08:00:00,2018-09-12 20:00:00,F6054,117.689,23.533,1.5730026819363732
2018-09-05 08:00:00,2018-09-13 20:00:00,F6054,117.689,23.533,1.6460731700643692
2018-09-06 08:00:00,2018-09-14 20:00:00,F6054,117.689,23.533,2.5079640005599235
2018-09-07 08:00:00,2018-09-15 20:00:00,F6054,117.689,23.533,6.750339035729326
2018-09-08 08:00:00,2018-09-16 20:00:00,F6054,117.689,23.533,7.776895953774898
2018-09-09 08:00:00,2018-09-17 20:00:00,F6054,117.689,23.533,1.559522647031372
2018-09-10 08:00:00,2018-09-18 20:00:00,F6054,117.689,23.533,2.0709534784949706
2018-09-11 08:00:00,2018-09-19 20:00:00,F6054,117.689,23.533,1.3013230478873083
2018-09-12 08:00:00,2018-09-20 20:00:00,F6054,117.689,23.533,1.1157762318107416
2018-09-13 08:00:00,2018-09-21 20:00:00,F6054,117.689,23.533,1.059060157620138
2018-09-14 08:00:00,2018-09-22 20:00:00,F6054,117.689,23.533,1.4639710880121584
2018-09-15 08:00:00,2018-09-23 20:00:00,F6054,117.689,23.533,1.233487944450303
2018-09-16 08:00:00,2018-09-24 20:00:00,F6054,117.689,23.533,1.3696064627815758
2018-09-17 08:00:00,2018-09-25 20:00:00,F6054,117.689,23.533,2.878972698623897
2018-09-18 08:00:00,2018-09-26 20:00:00,F6054,117.689,23.533,1.9261500495163093
2018-09-19 08:00:00,2018-09-27 20:00:00,F6054,117.689,23.533,2.7894336772843644
2018-09-20 08:00:00,2018-09-28 20:00:00,F6054,117.689,23.533,2.4860724526037075
2018-09-21 08:00:00,2018-09-29 20:00:00,F6054,117.689,23.533,1.9827983919281
2018-09-22 08:00:00,2018-09-30 20:00:00,F6054,117.689,23.533,3.3209608140101636
2018-09-23 08:00:00,2018-10-01 20:00:00,F6054,117.689,23.533,2.442768441214639
2018-09-24 08:00:00,2018-10-02 20:00:00,F6054,117.689,23.533,2.57939464797812
2018-09-25 08:00:00,2018-10-03 20:00:00,F6054,117.689,23.533,2.6466972890511897
2018-09-26 08:00:00,2018-10-04 20:00:00,F6054,117.689,23.533,3.2035238721947508
2018-09-27 08:00:00,2018-10-05 20:00:00,F6054,117.689,23.533,3.7259133861900864
2018-09-28 08:00:00,2018-10-06 20:00:00,F6054,117.689,23.533,1.146370363007918
2018-09-29 08:00:00,2018-10-07 20:00:00,F6054,117.689,23.533,2.4041567005449447
2018-09-30 08:00:00,2018-10-08 20:00:00,F6054,117.689,23.533,3.4098442647466527
2018-10-01 08:00:00,2018-10-09 20:00:00,F6054,117.689,23.533,2.643032651035128
2018-10-02 08:00:00,2018-10-10 20:00:00,F6054,117.689,23.533,3.262270409069174
2018-10-03 08:00:00,2018-10-11 20:00:00,F6054,117.689,23.533,2.6246576456183
2018-10-05 08:00:00,2018-10-13 20:00:00,F6054,117.689,23.533,3.0936260382186447
2018-10-06 08:00:00,2018-10-14 20:00:00,F6054,117.689,23.533,2.389545450719311
2018-10-07 08:00:00,2018-10-15 20:00:00,F6054,117.689,23.533,2.1071032445125866
2018-10-08 08:00:00,2018-10-16 20:00:00,F6054,117.689,23.533,3.2477584586029025
2018-10-09 08:00:00,2018-10-17 20:00:00,F6054,117.689,23.533,3.3635022936572336
2018-10-10 08:00:00,2018-10-18 20:00:00,F6054,117.689,23.533,3.2590147406027654
2018-10-11 08:00:00,2018-10-19 20:00:00,F6054,117.689,23.533,3.154764113896249
2018-10-12 08:00:00,2018-10-20 20:00:00,F6054,117.689,23.533,1.8456623679063568
2018-10-13 08:00:00,2018-10-21 20:00:00,F6054,117.689,23.533,1.9171106874939599
2018-10-14 08:00:00,2018-10-22 20:00:00,F6054,117.689,23.533,2.0616858738701467
2018-10-15 08:00:00,2018-10-23 20:00:00,F6054,117.689,23.533,1.9323019327974864
2018-10-16 08:00:00,2018-10-24 20:00:00,F6054,117.689,23.533,2.6919533974363503
2018-10-17 08:00:00,2018-10-25 20:00:00,F6054,117.689,23.533,1.3019661312673634
2018-10-18 08:00:00,2018-10-26 20:00:00,F6054,117.689,23.533,2.373218707637648
2018-10-19 08:00:00,2018-10-27 20:00:00,F6054,117.689,23.533,2.271271757966701
2018-10-20 08:00:00,2018-10-28 20:00:00,F6054,117.689,23.533,1.2548028630524186
2018-10-21 08:00:00,2018-10-29 20:00:00,F6054,117.689,23.533,2.612761404425214
2018-10-22 08:00:00,2018-10-30 20:00:00,F6054,117.689,23.533,2.1248365551956567
2018-10-23 08:00:00,2018-10-31 20:00:00,F6054,117.689,23.533,2.3784246789703047
2018-10-24 08:00:00,2018-11-01 20:00:00,F6054,117.689,23.533,3.1111941610539597
2018-10-28 08:00:00,2018-11-05 20:00:00,F6054,117.689,23.533,2.2436050949690984
2018-11-01 08:00:00,2018-11-09 20:00:00,F6054,117.689,23.533,2.9035372446892325
2018-11-02 08:00:00,2018-11-10 20:00:00,F6054,117.689,23.533,2.4228348113293805
2018-11-03 08:00:00,2018-11-11 20:00:00,F6054,117.689,23.533,2.370732987790916
2018-11-04 08:00:00,2018-11-12 20:00:00,F6054,117.689,23.533,1.6364254559534857
2018-11-05 08:00:00,2018-11-13 20:00:00,F6054,117.689,23.533,2.527315471334191
2018-11-07 08:00:00,2018-11-15 20:00:00,F6054,117.689,23.533,2.218227544919273
2018-11-08 08:00:00,2018-11-16 20:00:00,F6054,117.689,23.533,1.8942052858602665
2018-11-09 08:00:00,2018-11-17 20:00:00,F6054,117.689,23.533,2.943335460468348
2018-11-10 08:00:00,2018-11-18 20:00:00,F6054,117.689,23.533,3.5229513310783886
2018-11-11 08:00:00,2018-11-19 20:00:00,F6054,117.689,23.533,3.120690123705913
2018-11-12 08:00:00,2018-11-20 20:00:00,F6054,117.689,23.533,2.043272607184236
2018-11-13 08:00:00,2018-11-21 20:00:00,F6054,117.689,23.533,1.5132862651202004
2018-11-14 08:00:00,2018-11-22 20:00:00,F6054,117.689,23.533,2.3209608140103914
2018-11-15 08:00:00,2018-11-23 20:00:00,F6054,117.689,23.533,2.451676145622628
2018-11-16 08:00:00,2018-11-24 20:00:00,F6054,117.689,23.533,1.6517062758765633
2018-11-17 08:00:00,2018-11-25 20:00:00,F6054,117.689,23.533,3.9235737658441394
2018-11-18 08:00:00,2018-11-26 20:00:00,F6054,117.689,23.533,1.9870163104816359
2018-11-19 08:00:00,2018-11-27 20:00:00,F6054,117.689,23.533,0.8556382786337053
2018-11-20 08:00:00,2018-11-28 20:00:00,F6054,117.689,23.533,2.101570981293208
2018-11-21 08:00:00,2018-11-29 20:00:00,F6054,117.689,23.533,3.5556940951505567
2018-11-22 08:00:00,2018-11-30 20:00:00,F6054,117.689,23.533,1.65697955624546
2018-11-23 08:00:00,2018-12-01 20:00:00,F6054,117.689,23.533,1.5053102106380718
2018-11-24 08:00:00,2018-12-02 20:00:00,F6054,117.689,23.533,1.231489105030505
2018-11-25 08:00:00,2018-12-03 20:00:00,F6054,117.689,23.533,2.0076451597497
2018-11-26 08:00:00,2018-12-04 20:00:00,F6054,117.689,23.533,1.5860468949838378
2018-11-27 08:00:00,2018-12-05 20:00:00,F6054,117.689,23.533,1.4288625073019148
2018-11-28 08:00:00,2018-12-06 20:00:00,F6054,117.689,23.533,3.7857040901122896
2018-11-29 08:00:00,2018-12-07 20:00:00,F6054,117.689,23.533,4.318045472111635
2018-11-30 08:00:00,2018-12-08 20:00:00,F6054,117.689,23.533,3.542236555771637
2018-12-01 08:00:00,2018-12-09 20:00:00,F6054,117.689,23.533,1.8009182698830273
2018-12-02 08:00:00,2018-12-10 20:00:00,F6054,117.689,23.533,2.052683807512381
2018-12-03 08:00:00,2018-12-11 20:00:00,F6054,117.689,23.533,1.481602419738465
2018-12-04 08:00:00,2018-12-12 20:00:00,F6054,117.689,23.533,2.830568720704605
2018-12-05 08:00:00,2018-12-13 20:00:00,F6054,117.689,23.533,2.9524651565012614
2018-12-06 08:00:00,2018-12-14 20:00:00,F6054,117.689,23.533,1.6548503297110528
2018-12-08 08:00:00,2018-12-16 20:00:00,F6054,117.689,23.533,2.8654315511652166
2018-12-09 08:00:00,2018-12-17 20:00:00,F6054,117.689,23.533,2.38308373960092
2018-12-10 08:00:00,2018-12-18 20:00:00,F6054,117.689,23.533,1.5718484277089146
2018-12-11 08:00:00,2018-12-19 20:00:00,F6054,117.689,23.533,2.172264108311083
2018-12-12 08:00:00,2018-12-20 20:00:00,F6054,117.689,23.533,1.0772498337427123
2018-12-13 08:00:00,2018-12-21 20:00:00,F6054,117.689,23.533,1.9448067147175152
2018-12-14 08:00:00,2018-12-22 20:00:00,F6054,117.689,23.533,1.9279409116836632
2018-12-15 08:00:00,2018-12-23 20:00:00,F6054,117.689,23.533,3.0457458088668545
2018-12-16 08:00:00,2018-12-24 20:00:00,F6054,117.689,23.533,2.2025291551150303
2018-12-17 08:00:00,2018-12-25 20:00:00,F6054,117.689,23.533,3.342793188718474
2018-12-18 08:00:00,2018-12-26 20:00:00,F6054,117.689,23.533,5.099796777165012
2018-12-19 08:00:00,2018-12-27 20:00:00,F6054,117.689,23.533,4.880519995156988
2018-12-20 08:00:00,2018-12-28 20:00:00,F6054,117.689,23.533,5.307519525724047
2018-12-21 08:00:00,2018-12-29 20:00:00,F6054,117.689,23.533,2.2672128462401133
2018-12-22 08:00:00,2018-12-30 20:00:00,F6054,117.689,23.533,4.044756843839763
2018-12-23 08:00:00,2018-12-31 20:00:00,F6054,117.689,23.533,4.362146616911788
2018-12-24 08:00:00,2019-01-01 20:00:00,F6054,117.689,23.533,2.6633273443305825
2018-12-25 08:00:00,2019-01-02 20:00:00,F6054,117.689,23.533,2.806470094217275
2018-12-26 08:00:00,2019-01-03 20:00:00,F6054,117.689,23.533,3.21302061724964
2018-12-27 08:00:00,2019-01-04 20:00:00,F6054,117.689,23.533,0.9275126109944268
2018-12-28 08:00:00,2019-01-05 20:00:00,F6054,117.689,23.533,1.6193156030910814
2018-12-29 08:00:00,2019-01-06 20:00:00,F6054,117.689,23.533,2.558188341404957
2018-12-30 08:00:00,2019-01-07 20:00:00,F6054,117.689,23.533,2.2099455949887674
