now_time,predict_time,id,lon,lat,10UV
2015-07-01 20:00:00,2015-07-08 08:00:00,F6031,118.113,24.331,9.806056553969814
2015-07-02 20:00:00,2015-07-09 08:00:00,F6031,118.113,24.331,6.4957729733886325
2015-07-03 20:00:00,2015-07-10 08:00:00,F6031,118.113,24.331,3.3305854528795886
2015-07-04 20:00:00,2015-07-11 08:00:00,F6031,118.113,24.331,5.210268937324704
2015-07-05 20:00:00,2015-07-12 08:00:00,F6031,118.113,24.331,4.854844311965069
2015-07-06 20:00:00,2015-07-13 08:00:00,F6031,118.113,24.331,5.660378989936523
2015-07-07 20:00:00,2015-07-14 08:00:00,F6031,118.113,24.331,3.305290237657849
2015-07-08 20:00:00,2015-07-15 08:00:00,F6031,118.113,24.331,4.477544651111689
2015-07-09 20:00:00,2015-07-16 08:00:00,F6031,118.113,24.331,5.316235338668869
2015-07-10 20:00:00,2015-07-17 08:00:00,F6031,118.113,24.331,4.230984008414791
2015-07-11 20:00:00,2015-07-18 08:00:00,F6031,118.113,24.331,3.2707439505389884
2015-07-12 20:00:00,2015-07-19 08:00:00,F6031,118.113,24.331,6.908182734293003
2015-07-13 20:00:00,2015-07-20 08:00:00,F6031,118.113,24.331,2.953575467332462
2015-07-14 20:00:00,2015-07-21 08:00:00,F6031,118.113,24.331,6.2828188078955804
2015-07-15 20:00:00,2015-07-22 08:00:00,F6031,118.113,24.331,8.387963780801366
2015-07-16 20:00:00,2015-07-23 08:00:00,F6031,118.113,24.331,8.532592830071957
2015-07-17 20:00:00,2015-07-24 08:00:00,F6031,118.113,24.331,8.232955970818328
2015-07-18 20:00:00,2015-07-25 08:00:00,F6031,118.113,24.331,6.960077229209207
2015-07-19 20:00:00,2015-07-26 08:00:00,F6031,118.113,24.331,8.120066395211909
2015-07-20 20:00:00,2015-07-27 08:00:00,F6031,118.113,24.331,7.243427112252894
2015-07-21 20:00:00,2015-07-28 08:00:00,F6031,118.113,24.331,5.474209178796839
2015-07-22 20:00:00,2015-07-29 08:00:00,F6031,118.113,24.331,6.8564481763190805
2015-07-23 20:00:00,2015-07-30 08:00:00,F6031,118.113,24.331,5.171697873761286
2015-07-24 20:00:00,2015-07-31 08:00:00,F6031,118.113,24.331,3.6915804700224917
2015-07-25 20:00:00,2015-08-01 08:00:00,F6031,118.113,24.331,5.6416571927509365
2015-07-26 20:00:00,2015-08-02 08:00:00,F6031,118.113,24.331,3.8712521470725445
2015-07-27 20:00:00,2015-08-03 08:00:00,F6031,118.113,24.331,3.4453494777985467
2015-07-28 20:00:00,2015-08-04 08:00:00,F6031,118.113,24.331,4.5531208726263745
2015-07-29 20:00:00,2015-08-05 08:00:00,F6031,118.113,24.331,3.7892600140789865
2015-07-30 20:00:00,2015-08-06 08:00:00,F6031,118.113,24.331,4.753329961360857
2015-08-01 20:00:00,2015-08-08 08:00:00,F6031,118.113,24.331,5.155014466586878
2015-08-02 20:00:00,2015-08-09 08:00:00,F6031,118.113,24.331,10.348995603528731
2015-08-03 20:00:00,2015-08-10 08:00:00,F6031,118.113,24.331,8.428390094071586
2015-08-04 20:00:00,2015-08-11 08:00:00,F6031,118.113,24.331,7.1136856982208165
2015-08-05 20:00:00,2015-08-12 08:00:00,F6031,118.113,24.331,4.4729157184584905
2015-08-06 20:00:00,2015-08-13 08:00:00,F6031,118.113,24.331,2.800047169849515
2015-08-07 20:00:00,2015-08-14 08:00:00,F6031,118.113,24.331,6.320434856723487
2015-08-08 20:00:00,2015-08-15 08:00:00,F6031,118.113,24.331,5.839499229812
2015-08-09 20:00:00,2015-08-16 08:00:00,F6031,118.113,24.331,6.388465267012927
2015-08-10 20:00:00,2015-08-17 08:00:00,F6031,118.113,24.331,5.251315398691784
2015-08-11 20:00:00,2015-08-18 08:00:00,F6031,118.113,24.331,3.8255958317635743
2015-08-12 20:00:00,2015-08-19 08:00:00,F6031,118.113,24.331,4.605367126778665
2015-08-13 20:00:00,2015-08-20 08:00:00,F6031,118.113,24.331,3.0635213841107247
2015-08-14 20:00:00,2015-08-21 08:00:00,F6031,118.113,24.331,1.8240358275078703
2015-08-15 20:00:00,2015-08-22 08:00:00,F6031,118.113,24.331,2.1095367197749257
2015-08-16 20:00:00,2015-08-23 08:00:00,F6031,118.113,24.331,2.512134499321946
2015-08-17 20:00:00,2015-08-24 08:00:00,F6031,118.113,24.331,1.9442353450507288
2015-08-18 20:00:00,2015-08-25 08:00:00,F6031,118.113,24.331,2.220616539802128
2015-08-19 20:00:00,2015-08-26 08:00:00,F6031,118.113,24.331,3.298800334422741
2015-08-20 20:00:00,2015-08-27 08:00:00,F6031,118.113,24.331,6.128809874455517
2015-08-21 20:00:00,2015-08-28 08:00:00,F6031,118.113,24.331,8.712969403019288
2015-08-22 20:00:00,2015-08-29 08:00:00,F6031,118.113,24.331,10.910118902150302
2015-08-23 20:00:00,2015-08-30 08:00:00,F6031,118.113,24.331,5.719562611066022
2015-08-24 20:00:00,2015-08-31 08:00:00,F6031,118.113,24.331,7.141061379087115
2015-08-25 20:00:00,2015-09-01 08:00:00,F6031,118.113,24.331,5.142255974606521
2015-08-26 20:00:00,2015-09-02 08:00:00,F6031,118.113,24.331,4.268148360307949
2015-08-28 20:00:00,2015-09-04 08:00:00,F6031,118.113,24.331,5.170482486834024
2015-08-29 20:00:00,2015-09-05 08:00:00,F6031,118.113,24.331,6.559660895917357
2015-08-30 20:00:00,2015-09-06 08:00:00,F6031,118.113,24.331,6.56139703129178
2015-08-31 20:00:00,2015-09-07 08:00:00,F6031,118.113,24.331,1.4541020391343702
2015-09-01 20:00:00,2015-09-08 08:00:00,F6031,118.113,24.331,6.106043210089124
2015-09-03 20:00:00,2015-09-10 08:00:00,F6031,118.113,24.331,5.650959028090688
2015-09-04 20:00:00,2015-09-11 08:00:00,F6031,118.113,24.331,3.4328231299385283
2015-09-05 20:00:00,2015-09-12 08:00:00,F6031,118.113,24.331,3.8260845298935062
2015-09-06 20:00:00,2015-09-13 08:00:00,F6031,118.113,24.331,9.578986963249537
2015-09-07 20:00:00,2015-09-14 08:00:00,F6031,118.113,24.331,9.283722069986073
2015-09-08 20:00:00,2015-09-15 08:00:00,F6031,118.113,24.331,8.069975991419236
2015-09-09 20:00:00,2015-09-16 08:00:00,F6031,118.113,24.331,6.456354887770928
2015-09-10 20:00:00,2015-09-17 08:00:00,F6031,118.113,24.331,7.466265268105433
2015-09-11 20:00:00,2015-09-18 08:00:00,F6031,118.113,24.331,5.553518981534421
2015-09-12 20:00:00,2015-09-19 08:00:00,F6031,118.113,24.331,5.340502097827722
2015-09-13 20:00:00,2015-09-20 08:00:00,F6031,118.113,24.331,4.647389059729038
2015-09-14 20:00:00,2015-09-21 08:00:00,F6031,118.113,24.331,6.419033921167375
2015-09-15 20:00:00,2015-09-22 08:00:00,F6031,118.113,24.331,6.402121340558907
2015-09-16 20:00:00,2015-09-23 08:00:00,F6031,118.113,24.331,3.703813709370951
2015-09-17 20:00:00,2015-09-24 08:00:00,F6031,118.113,24.331,3.811760022504428
2015-09-18 20:00:00,2015-09-25 08:00:00,F6031,118.113,24.331,4.9562349638649525
2015-09-19 20:00:00,2015-09-26 08:00:00,F6031,118.113,24.331,6.209002517626653
2015-09-20 20:00:00,2015-09-27 08:00:00,F6031,118.113,24.331,7.904687824449461
2015-09-21 20:00:00,2015-09-28 08:00:00,F6031,118.113,24.331,8.705298097804977
2015-09-22 20:00:00,2015-09-29 08:00:00,F6031,118.113,24.331,8.078033098118205
2015-09-23 20:00:00,2015-09-30 08:00:00,F6031,118.113,24.331,4.339083741697102
2015-09-24 20:00:00,2015-10-01 08:00:00,F6031,118.113,24.331,3.5589047052246165
2015-09-25 20:00:00,2015-10-02 08:00:00,F6031,118.113,24.331,10.096848752240412
2015-09-26 20:00:00,2015-10-03 08:00:00,F6031,118.113,24.331,9.725814768685762
2015-09-27 20:00:00,2015-10-04 08:00:00,F6031,118.113,24.331,8.191163680799788
2015-09-28 20:00:00,2015-10-05 08:00:00,F6031,118.113,24.331,3.805126124437816
2015-09-29 20:00:00,2015-10-06 08:00:00,F6031,118.113,24.331,7.779094256959624
2015-09-30 20:00:00,2015-10-07 08:00:00,F6031,118.113,24.331,5.481423843272616
2015-10-01 20:00:00,2015-10-08 08:00:00,F6031,118.113,24.331,4.680373067126496
2015-10-02 20:00:00,2015-10-09 08:00:00,F6031,118.113,24.331,9.360714643200758
2015-10-03 20:00:00,2015-10-10 08:00:00,F6031,118.113,24.331,2.6655934602187115
2015-10-04 20:00:00,2015-10-11 08:00:00,F6031,118.113,24.331,8.096934660177613
2015-10-05 20:00:00,2015-10-12 08:00:00,F6031,118.113,24.331,8.35984760236262
2015-10-06 20:00:00,2015-10-13 08:00:00,F6031,118.113,24.331,8.807657566335443
2015-10-07 20:00:00,2015-10-14 08:00:00,F6031,118.113,24.331,9.768052621658127
2015-10-08 20:00:00,2015-10-15 08:00:00,F6031,118.113,24.331,8.372907629629903
2015-10-09 20:00:00,2015-10-16 08:00:00,F6031,118.113,24.331,8.880770046436155
2015-10-10 20:00:00,2015-10-17 08:00:00,F6031,118.113,24.331,9.149889019776543
2015-10-11 20:00:00,2015-10-18 08:00:00,F6031,118.113,24.331,9.332549352509574
2015-10-12 20:00:00,2015-10-19 08:00:00,F6031,118.113,24.331,6.875668049161257
2015-10-13 20:00:00,2015-10-20 08:00:00,F6031,118.113,24.331,9.085802674331571
2015-10-14 20:00:00,2015-10-21 08:00:00,F6031,118.113,24.331,9.3501163458568
2015-10-15 20:00:00,2015-10-22 08:00:00,F6031,118.113,24.331,10.067894882194773
2015-10-16 20:00:00,2015-10-23 08:00:00,F6031,118.113,24.331,8.721586732457924
2015-10-17 20:00:00,2015-10-24 08:00:00,F6031,118.113,24.331,2.2238141626773182
2015-10-18 20:00:00,2015-10-25 08:00:00,F6031,118.113,24.331,9.416590215759516
2015-10-19 20:00:00,2015-10-26 08:00:00,F6031,118.113,24.331,6.955167845930362
2015-10-20 20:00:00,2015-10-27 08:00:00,F6031,118.113,24.331,3.87168912199508
2015-10-21 20:00:00,2015-10-28 08:00:00,F6031,118.113,24.331,3.0723981005373378
2015-10-22 20:00:00,2015-10-29 08:00:00,F6031,118.113,24.331,2.1640837267669957
2015-10-23 20:00:00,2015-10-30 08:00:00,F6031,118.113,24.331,8.389374239241995
2015-10-24 20:00:00,2015-10-31 08:00:00,F6031,118.113,24.331,8.947725182919099
2015-10-25 20:00:00,2015-11-01 08:00:00,F6031,118.113,24.331,6.761907437154068
2015-10-26 20:00:00,2015-11-02 08:00:00,F6031,118.113,24.331,9.613575482417657
2015-10-27 20:00:00,2015-11-03 08:00:00,F6031,118.113,24.331,9.278687705122477
2015-10-28 20:00:00,2015-11-04 08:00:00,F6031,118.113,24.331,9.15554211441125
2015-10-29 20:00:00,2015-11-05 08:00:00,F6031,118.113,24.331,6.067519666328333
2015-10-30 20:00:00,2015-11-06 08:00:00,F6031,118.113,24.331,4.212371348443966
2015-10-31 20:00:00,2015-11-07 08:00:00,F6031,118.113,24.331,3.4478472052490963
2015-11-01 20:00:00,2015-11-08 08:00:00,F6031,118.113,24.331,3.1323213976692634
2015-11-02 20:00:00,2015-11-09 08:00:00,F6031,118.113,24.331,7.114845104507105
2015-11-03 20:00:00,2015-11-10 08:00:00,F6031,118.113,24.331,10.344191436447057
2015-11-04 20:00:00,2015-11-11 08:00:00,F6031,118.113,24.331,8.466476839336497
2015-11-05 20:00:00,2015-11-12 08:00:00,F6031,118.113,24.331,7.816759264547937
2015-11-06 20:00:00,2015-11-13 08:00:00,F6031,118.113,24.331,1.5213569342386275
2015-11-07 20:00:00,2015-11-14 08:00:00,F6031,118.113,24.331,6.689082773038845
2015-11-08 20:00:00,2015-11-15 08:00:00,F6031,118.113,24.331,7.438024658697232
2015-11-09 20:00:00,2015-11-16 08:00:00,F6031,118.113,24.331,6.220449678385831
2015-11-10 20:00:00,2015-11-17 08:00:00,F6031,118.113,24.331,2.4694229873892457
2015-11-11 20:00:00,2015-11-18 08:00:00,F6031,118.113,24.331,3.1847643668346786
2015-11-12 20:00:00,2015-11-19 08:00:00,F6031,118.113,24.331,7.285883341497071
2015-11-13 20:00:00,2015-11-20 08:00:00,F6031,118.113,24.331,4.875082610257867
2015-11-14 20:00:00,2015-11-21 08:00:00,F6031,118.113,24.331,6.86269057966624
2015-11-15 20:00:00,2015-11-22 08:00:00,F6031,118.113,24.331,6.034668716525773
2015-11-16 20:00:00,2015-11-23 08:00:00,F6031,118.113,24.331,5.261381064267023
2015-11-17 20:00:00,2015-11-24 08:00:00,F6031,118.113,24.331,10.318068229392592
2015-11-18 20:00:00,2015-11-25 08:00:00,F6031,118.113,24.331,10.88785469351536
2015-11-19 20:00:00,2015-11-26 08:00:00,F6031,118.113,24.331,9.27553941966853
2015-11-20 20:00:00,2015-11-27 08:00:00,F6031,118.113,24.331,11.613526424254182
2015-11-21 20:00:00,2015-11-28 08:00:00,F6031,118.113,24.331,4.857199305033504
2015-11-22 20:00:00,2015-11-29 08:00:00,F6031,118.113,24.331,2.2099580510578725
2015-11-23 20:00:00,2015-11-30 08:00:00,F6031,118.113,24.331,9.302507356116179
2015-11-24 20:00:00,2015-12-01 08:00:00,F6031,118.113,24.331,6.185145767903272
2015-11-25 20:00:00,2015-12-02 08:00:00,F6031,118.113,24.331,2.451557381046859
2015-11-26 20:00:00,2015-12-03 08:00:00,F6031,118.113,24.331,9.249890756725401
2015-11-27 20:00:00,2015-12-04 08:00:00,F6031,118.113,24.331,9.932627011599793
2015-11-28 20:00:00,2015-12-05 08:00:00,F6031,118.113,24.331,10.425403740469248
2015-11-29 20:00:00,2015-12-06 08:00:00,F6031,118.113,24.331,5.439539489629344
2015-11-30 20:00:00,2015-12-07 08:00:00,F6031,118.113,24.331,8.722385349128432
2016-01-01 20:00:00,2016-01-08 08:00:00,F6031,118.113,24.331,9.503584716431423
2016-01-02 20:00:00,2016-01-09 08:00:00,F6031,118.113,24.331,7.215688056650357
2016-01-03 20:00:00,2016-01-10 08:00:00,F6031,118.113,24.331,5.988249418271856
2016-01-04 20:00:00,2016-01-11 08:00:00,F6031,118.113,24.331,4.068871007857004
2016-01-05 20:00:00,2016-01-12 08:00:00,F6031,118.113,24.331,8.00472764778312
2016-01-06 20:00:00,2016-01-13 08:00:00,F6031,118.113,24.331,6.9280221881746735
2016-01-07 20:00:00,2016-01-14 08:00:00,F6031,118.113,24.331,7.508714106470717
2016-01-08 20:00:00,2016-01-15 08:00:00,F6031,118.113,24.331,4.7315395985422
2016-01-09 20:00:00,2016-01-16 08:00:00,F6031,118.113,24.331,9.414154709459703
2016-01-10 20:00:00,2016-01-17 08:00:00,F6031,118.113,24.331,3.119947019979797
2016-01-11 20:00:00,2016-01-18 08:00:00,F6031,118.113,24.331,9.627555025059527
2016-01-12 20:00:00,2016-01-19 08:00:00,F6031,118.113,24.331,10.067324258304986
2016-01-13 20:00:00,2016-01-20 08:00:00,F6031,118.113,24.331,9.484779821725443
2016-01-14 20:00:00,2016-01-21 08:00:00,F6031,118.113,24.331,1.6997627275138534
2016-01-15 20:00:00,2016-01-22 08:00:00,F6031,118.113,24.331,9.711907739608801
2016-01-16 20:00:00,2016-01-23 08:00:00,F6031,118.113,24.331,8.866674508130643
2016-01-17 20:00:00,2016-01-24 08:00:00,F6031,118.113,24.331,7.921850521701888
2016-01-18 20:00:00,2016-01-25 08:00:00,F6031,118.113,24.331,10.028800981563732
2016-01-19 20:00:00,2016-01-26 08:00:00,F6031,118.113,24.331,7.221668273776171
2016-01-20 20:00:00,2016-01-27 08:00:00,F6031,118.113,24.331,3.3222060570725214
2016-01-21 20:00:00,2016-01-28 08:00:00,F6031,118.113,24.331,2.52984255014523
2016-01-22 20:00:00,2016-01-29 08:00:00,F6031,118.113,24.331,3.1596002386184194
2016-01-23 20:00:00,2016-01-30 08:00:00,F6031,118.113,24.331,8.999430789502679
2016-01-24 20:00:00,2016-01-31 08:00:00,F6031,118.113,24.331,9.33181403809994
2016-01-25 20:00:00,2016-02-01 08:00:00,F6031,118.113,24.331,9.647810127133518
2016-01-26 20:00:00,2016-02-02 08:00:00,F6031,118.113,24.331,10.634007835830593
2016-01-27 20:00:00,2016-02-03 08:00:00,F6031,118.113,24.331,9.54168791386853
2016-01-28 20:00:00,2016-02-04 08:00:00,F6031,118.113,24.331,8.270359530489397
2016-01-29 20:00:00,2016-02-05 08:00:00,F6031,118.113,24.331,8.563534414857912
2016-01-30 20:00:00,2016-02-06 08:00:00,F6031,118.113,24.331,8.176783133595496
2016-01-31 20:00:00,2016-02-07 08:00:00,F6031,118.113,24.331,3.962645984558736
2016-02-01 20:00:00,2016-02-08 08:00:00,F6031,118.113,24.331,2.6611387578973256
2016-02-02 20:00:00,2016-02-09 08:00:00,F6031,118.113,24.331,3.0416744152125466
2016-02-03 20:00:00,2016-02-10 08:00:00,F6031,118.113,24.331,2.121392862847844
2016-02-04 20:00:00,2016-02-11 08:00:00,F6031,118.113,24.331,1.7221273969630841
2016-02-05 20:00:00,2016-02-12 08:00:00,F6031,118.113,24.331,1.7359427306681436
2016-02-06 20:00:00,2016-02-13 08:00:00,F6031,118.113,24.331,6.418197561853416
2016-02-07 20:00:00,2016-02-14 08:00:00,F6031,118.113,24.331,8.522497742980503
2016-02-08 20:00:00,2016-02-15 08:00:00,F6031,118.113,24.331,10.720481058681237
2016-02-09 20:00:00,2016-02-16 08:00:00,F6031,118.113,24.331,8.18848213891904
2016-02-10 20:00:00,2016-02-17 08:00:00,F6031,118.113,24.331,7.9374214560052145
2016-02-11 20:00:00,2016-02-18 08:00:00,F6031,118.113,24.331,3.1793507080154573
2016-02-12 20:00:00,2016-02-19 08:00:00,F6031,118.113,24.331,5.079246351211487
2016-02-13 20:00:00,2016-02-20 08:00:00,F6031,118.113,24.331,9.636255233420467
2016-02-14 20:00:00,2016-02-21 08:00:00,F6031,118.113,24.331,11.379839339830305
2016-02-15 20:00:00,2016-02-22 08:00:00,F6031,118.113,24.331,4.167033898480179
2016-02-16 20:00:00,2016-02-23 08:00:00,F6031,118.113,24.331,10.248965206104408
2016-02-17 20:00:00,2016-02-24 08:00:00,F6031,118.113,24.331,10.759275614917302
2016-02-18 20:00:00,2016-02-25 08:00:00,F6031,118.113,24.331,8.41533007746006
2016-02-19 20:00:00,2016-02-26 08:00:00,F6031,118.113,24.331,6.331544055507155
2016-02-20 20:00:00,2016-02-27 08:00:00,F6031,118.113,24.331,6.383163027400543
2016-02-21 20:00:00,2016-02-28 08:00:00,F6031,118.113,24.331,7.030040354322038
2016-02-22 20:00:00,2016-02-29 08:00:00,F6031,118.113,24.331,8.514821737969061
2016-02-23 20:00:00,2016-03-01 08:00:00,F6031,118.113,24.331,8.901366472729944
2016-02-24 20:00:00,2016-03-02 08:00:00,F6031,118.113,24.331,3.423040366477579
2016-02-25 20:00:00,2016-03-03 08:00:00,F6031,118.113,24.331,2.5691533311890535
2016-02-26 20:00:00,2016-03-04 08:00:00,F6031,118.113,24.331,2.02214986626362
2016-02-27 20:00:00,2016-03-05 08:00:00,F6031,118.113,24.331,2.7393664906021167
2016-02-28 20:00:00,2016-03-06 08:00:00,F6031,118.113,24.331,2.9371308873054462
2016-02-29 20:00:00,2016-03-07 08:00:00,F6031,118.113,24.331,2.852814890251812
2016-03-01 20:00:00,2016-03-08 08:00:00,F6031,118.113,24.331,2.650379609669259
2016-03-02 20:00:00,2016-03-09 08:00:00,F6031,118.113,24.331,6.059131665915209
2016-03-03 20:00:00,2016-03-10 08:00:00,F6031,118.113,24.331,9.652435875946162
2016-03-04 20:00:00,2016-03-11 08:00:00,F6031,118.113,24.331,9.70673237363906
2016-03-05 20:00:00,2016-03-12 08:00:00,F6031,118.113,24.331,7.1342962846281175
2016-03-06 20:00:00,2016-03-13 08:00:00,F6031,118.113,24.331,1.8561057676926416
2016-03-07 20:00:00,2016-03-14 08:00:00,F6031,118.113,24.331,9.372766901143113
2016-03-08 20:00:00,2016-03-15 08:00:00,F6031,118.113,24.331,5.479387082689291
2016-03-09 20:00:00,2016-03-16 08:00:00,F6031,118.113,24.331,3.861417158291791
2016-03-10 20:00:00,2016-03-17 08:00:00,F6031,118.113,24.331,1.1775171620063878
2016-03-11 20:00:00,2016-03-18 08:00:00,F6031,118.113,24.331,6.50577750876017
2016-03-12 20:00:00,2016-03-19 08:00:00,F6031,118.113,24.331,7.553902390593232
2016-03-13 20:00:00,2016-03-20 08:00:00,F6031,118.113,24.331,9.377338753638444
2016-03-14 20:00:00,2016-03-21 08:00:00,F6031,118.113,24.331,6.403904109451313
2016-03-15 20:00:00,2016-03-22 08:00:00,F6031,118.113,24.331,4.557857394246134
2016-03-16 20:00:00,2016-03-23 08:00:00,F6031,118.113,24.331,1.5588206840282857
2016-03-17 20:00:00,2016-03-24 08:00:00,F6031,118.113,24.331,9.741966619317434
2016-03-18 20:00:00,2016-03-25 08:00:00,F6031,118.113,24.331,6.971737985237563
2016-03-19 20:00:00,2016-03-26 08:00:00,F6031,118.113,24.331,7.090383609889046
2016-03-20 20:00:00,2016-03-27 08:00:00,F6031,118.113,24.331,5.494865702833724
2016-03-21 20:00:00,2016-03-28 08:00:00,F6031,118.113,24.331,4.039828813191781
2016-03-22 20:00:00,2016-03-29 08:00:00,F6031,118.113,24.331,2.6062929708795877
2016-03-23 20:00:00,2016-03-30 08:00:00,F6031,118.113,24.331,2.923383240220589
2016-03-24 20:00:00,2016-03-31 08:00:00,F6031,118.113,24.331,5.53714222327729
2016-03-25 20:00:00,2016-04-01 08:00:00,F6031,118.113,24.331,4.843241329059612
2016-03-26 20:00:00,2016-04-02 08:00:00,F6031,118.113,24.331,7.124031805291301
2016-03-27 20:00:00,2016-04-03 08:00:00,F6031,118.113,24.331,6.071442124484081
2016-03-28 20:00:00,2016-04-04 08:00:00,F6031,118.113,24.331,5.872317687133317
2016-03-29 20:00:00,2016-04-05 08:00:00,F6031,118.113,24.331,3.1902394047549123
2016-03-30 20:00:00,2016-04-06 08:00:00,F6031,118.113,24.331,7.075169047015053
2016-03-31 20:00:00,2016-04-07 08:00:00,F6031,118.113,24.331,7.255485086030668
2016-04-01 20:00:00,2016-04-08 08:00:00,F6031,118.113,24.331,7.492251813367777
2016-04-02 20:00:00,2016-04-09 08:00:00,F6031,118.113,24.331,5.3790048565748005
2016-04-03 20:00:00,2016-04-10 08:00:00,F6031,118.113,24.331,7.222155046908933
2016-04-04 20:00:00,2016-04-11 08:00:00,F6031,118.113,24.331,9.017323539139015
2016-04-05 20:00:00,2016-04-12 08:00:00,F6031,118.113,24.331,3.6501043999684937
2016-04-06 20:00:00,2016-04-13 08:00:00,F6031,118.113,24.331,2.8606603593096893
2016-04-07 20:00:00,2016-04-14 08:00:00,F6031,118.113,24.331,3.512884645856555
2016-04-08 20:00:00,2016-04-15 08:00:00,F6031,118.113,24.331,6.351419588859985
2016-04-09 20:00:00,2016-04-16 08:00:00,F6031,118.113,24.331,4.6492354023246305
2016-04-10 20:00:00,2016-04-17 08:00:00,F6031,118.113,24.331,5.938001070693143
2016-04-11 20:00:00,2016-04-18 08:00:00,F6031,118.113,24.331,7.826442099378965
2016-04-12 20:00:00,2016-04-19 08:00:00,F6031,118.113,24.331,7.960421306585628
2016-04-14 20:00:00,2016-04-21 08:00:00,F6031,118.113,24.331,6.847180825498657
2016-04-15 20:00:00,2016-04-22 08:00:00,F6031,118.113,24.331,7.587966569250245
2016-04-16 20:00:00,2016-04-23 08:00:00,F6031,118.113,24.331,9.53780279328021
2016-04-17 20:00:00,2016-04-24 08:00:00,F6031,118.113,24.331,7.081281377856032
2016-04-18 20:00:00,2016-04-25 08:00:00,F6031,118.113,24.331,4.4592542473227015
2016-04-19 20:00:00,2016-04-26 08:00:00,F6031,118.113,24.331,6.510988780221225
2016-04-20 20:00:00,2016-04-27 08:00:00,F6031,118.113,24.331,6.236600327698692
2016-04-21 20:00:00,2016-04-28 08:00:00,F6031,118.113,24.331,4.405034465076973
2016-04-22 20:00:00,2016-04-29 08:00:00,F6031,118.113,24.331,7.350483293083374
2016-04-23 20:00:00,2016-04-30 08:00:00,F6031,118.113,24.331,6.2789173495870125
2016-04-24 20:00:00,2016-05-01 08:00:00,F6031,118.113,24.331,2.3014899690089465
2016-04-25 20:00:00,2016-05-02 08:00:00,F6031,118.113,24.331,6.643901839168056
2016-04-26 20:00:00,2016-05-03 08:00:00,F6031,118.113,24.331,4.666899320965522
2016-04-27 20:00:00,2016-05-04 08:00:00,F6031,118.113,24.331,2.092461106421976
2016-04-28 20:00:00,2016-05-05 08:00:00,F6031,118.113,24.331,1.9102973011786444
2016-04-29 20:00:00,2016-05-06 08:00:00,F6031,118.113,24.331,5.326276082493561
2016-05-01 20:00:00,2016-05-08 08:00:00,F6031,118.113,24.331,3.0130056246043013
2016-05-02 20:00:00,2016-05-09 08:00:00,F6031,118.113,24.331,6.5532115773000825
2016-05-03 20:00:00,2016-05-10 08:00:00,F6031,118.113,24.331,5.865305744683213
2016-05-04 20:00:00,2016-05-11 08:00:00,F6031,118.113,24.331,5.8377139515983405
2016-05-05 20:00:00,2016-05-12 08:00:00,F6031,118.113,24.331,2.123215803213117
2016-05-06 20:00:00,2016-05-13 08:00:00,F6031,118.113,24.331,3.922605344911424
2016-05-07 20:00:00,2016-05-14 08:00:00,F6031,118.113,24.331,5.828586344254371
2016-05-08 20:00:00,2016-05-15 08:00:00,F6031,118.113,24.331,3.1534494020413497
2016-05-09 20:00:00,2016-05-16 08:00:00,F6031,118.113,24.331,7.4021398473144995
2016-05-10 20:00:00,2016-05-17 08:00:00,F6031,118.113,24.331,9.721899709813915
2016-05-11 20:00:00,2016-05-18 08:00:00,F6031,118.113,24.331,5.999519755338342
2016-05-12 20:00:00,2016-05-19 08:00:00,F6031,118.113,24.331,6.598899632707747
2016-05-13 20:00:00,2016-05-20 08:00:00,F6031,118.113,24.331,4.57869797882951
2016-05-14 20:00:00,2016-05-21 08:00:00,F6031,118.113,24.331,3.2740343994322014
2016-05-15 20:00:00,2016-05-22 08:00:00,F6031,118.113,24.331,6.276703320164032
2016-05-16 20:00:00,2016-05-23 08:00:00,F6031,118.113,24.331,3.6150558450971673
2016-05-17 20:00:00,2016-05-24 08:00:00,F6031,118.113,24.331,2.9469443115429432
2016-05-18 20:00:00,2016-05-25 08:00:00,F6031,118.113,24.331,3.565732545025258
2016-05-19 20:00:00,2016-05-26 08:00:00,F6031,118.113,24.331,2.7024783452420134
2016-05-20 20:00:00,2016-05-27 08:00:00,F6031,118.113,24.331,3.6895062972361097
2016-05-21 20:00:00,2016-05-28 08:00:00,F6031,118.113,24.331,5.892649665988834
2016-05-22 20:00:00,2016-05-29 08:00:00,F6031,118.113,24.331,6.279107332304298
2016-05-23 20:00:00,2016-05-30 08:00:00,F6031,118.113,24.331,5.066774430032456
2016-05-24 20:00:00,2016-05-31 08:00:00,F6031,118.113,24.331,6.671837362838716
2016-05-25 20:00:00,2016-06-01 08:00:00,F6031,118.113,24.331,5.78941628776726
2016-05-26 20:00:00,2016-06-02 08:00:00,F6031,118.113,24.331,5.983772329748963
2016-05-27 20:00:00,2016-06-03 08:00:00,F6031,118.113,24.331,5.1032504829608305
2016-05-28 20:00:00,2016-06-04 08:00:00,F6031,118.113,24.331,6.0770584742895215
2016-05-29 20:00:00,2016-06-05 08:00:00,F6031,118.113,24.331,3.4815270407678605
2016-05-30 20:00:00,2016-06-06 08:00:00,F6031,118.113,24.331,5.164185537779443
2016-05-31 20:00:00,2016-06-07 08:00:00,F6031,118.113,24.331,2.9477645140455087
2016-06-01 20:00:00,2016-06-08 08:00:00,F6031,118.113,24.331,4.251377759442725
2016-06-02 20:00:00,2016-06-09 08:00:00,F6031,118.113,24.331,4.500033521549869
2016-06-03 20:00:00,2016-06-10 08:00:00,F6031,118.113,24.331,6.494664950127692
2016-06-04 20:00:00,2016-06-11 08:00:00,F6031,118.113,24.331,7.02653602307294
2016-06-05 20:00:00,2016-06-12 08:00:00,F6031,118.113,24.331,7.571957045008688
2016-06-06 20:00:00,2016-06-13 08:00:00,F6031,118.113,24.331,5.8147306806228425
2016-06-07 20:00:00,2016-06-14 08:00:00,F6031,118.113,24.331,5.793051794971768
2016-06-08 20:00:00,2016-06-15 08:00:00,F6031,118.113,24.331,7.927689448090928
2016-06-09 20:00:00,2016-06-16 08:00:00,F6031,118.113,24.331,6.5163105178532845
2016-06-10 20:00:00,2016-06-17 08:00:00,F6031,118.113,24.331,6.3427376309880925
2016-06-11 20:00:00,2016-06-18 08:00:00,F6031,118.113,24.331,5.275898558300335
2016-06-12 20:00:00,2016-06-19 08:00:00,F6031,118.113,24.331,5.172473429022154
2016-06-13 20:00:00,2016-06-20 08:00:00,F6031,118.113,24.331,4.49785357843512
2016-06-14 20:00:00,2016-06-21 08:00:00,F6031,118.113,24.331,4.9536966548637125
2016-06-15 20:00:00,2016-06-22 08:00:00,F6031,118.113,24.331,4.639177647210487
2016-06-16 20:00:00,2016-06-23 08:00:00,F6031,118.113,24.331,5.130848540545253
2016-06-17 20:00:00,2016-06-24 08:00:00,F6031,118.113,24.331,6.245145047024377
2016-06-18 20:00:00,2016-06-25 08:00:00,F6031,118.113,24.331,6.5828354138917184
2016-06-19 20:00:00,2016-06-26 08:00:00,F6031,118.113,24.331,4.510970313378818
2016-06-20 20:00:00,2016-06-27 08:00:00,F6031,118.113,24.331,5.016526902210152
2016-06-21 20:00:00,2016-06-28 08:00:00,F6031,118.113,24.331,4.452631357503396
2016-06-22 20:00:00,2016-06-29 08:00:00,F6031,118.113,24.331,4.6120169144167065
2016-06-23 20:00:00,2016-06-30 08:00:00,F6031,118.113,24.331,4.689677430503057
2016-06-24 20:00:00,2016-07-01 08:00:00,F6031,118.113,24.331,5.310033863811912
2016-06-25 20:00:00,2016-07-02 08:00:00,F6031,118.113,24.331,5.553210075575706
2016-06-26 20:00:00,2016-07-03 08:00:00,F6031,118.113,24.331,6.150562435510322
2016-06-27 20:00:00,2016-07-04 08:00:00,F6031,118.113,24.331,4.914664749223942
2016-06-28 20:00:00,2016-07-05 08:00:00,F6031,118.113,24.331,3.226836518135507
2016-06-29 20:00:00,2016-07-06 08:00:00,F6031,118.113,24.331,5.7875112204163965
2016-06-30 20:00:00,2016-07-07 08:00:00,F6031,118.113,24.331,3.3045424797255274
2016-07-01 20:00:00,2016-07-08 08:00:00,F6031,118.113,24.331,4.383097280295965
2016-07-02 20:00:00,2016-07-09 08:00:00,F6031,118.113,24.331,6.947714929502838
2016-07-03 20:00:00,2016-07-10 08:00:00,F6031,118.113,24.331,5.9416995689724645
2016-07-04 20:00:00,2016-07-11 08:00:00,F6031,118.113,24.331,5.070434901580334
2016-07-05 20:00:00,2016-07-12 08:00:00,F6031,118.113,24.331,7.106963180725878
2016-07-06 20:00:00,2016-07-13 08:00:00,F6031,118.113,24.331,7.3885132624742464
2016-07-07 20:00:00,2016-07-14 08:00:00,F6031,118.113,24.331,6.914222997675783
2016-07-08 20:00:00,2016-07-15 08:00:00,F6031,118.113,24.331,7.918002686532384
2016-07-09 20:00:00,2016-07-16 08:00:00,F6031,118.113,24.331,7.141317596306673
2016-07-10 20:00:00,2016-07-17 08:00:00,F6031,118.113,24.331,8.123325115162094
2016-07-11 20:00:00,2016-07-18 08:00:00,F6031,118.113,24.331,7.186854058398257
2016-07-12 20:00:00,2016-07-19 08:00:00,F6031,118.113,24.331,8.114873712562598
2016-07-13 20:00:00,2016-07-20 08:00:00,F6031,118.113,24.331,7.185260403332925
2016-07-14 20:00:00,2016-07-21 08:00:00,F6031,118.113,24.331,7.8936208773679954
2016-07-15 20:00:00,2016-07-22 08:00:00,F6031,118.113,24.331,6.4174827816537245
2016-07-16 20:00:00,2016-07-23 08:00:00,F6031,118.113,24.331,5.26158404565052
2016-07-17 20:00:00,2016-07-24 08:00:00,F6031,118.113,24.331,5.872872847486278
2016-07-18 20:00:00,2016-07-25 08:00:00,F6031,118.113,24.331,6.770961224898017
2016-07-19 20:00:00,2016-07-26 08:00:00,F6031,118.113,24.331,6.310743263130367
2016-07-20 20:00:00,2016-07-27 08:00:00,F6031,118.113,24.331,5.43345035539288
2016-07-21 20:00:00,2016-07-28 08:00:00,F6031,118.113,24.331,6.6437255110673
2016-07-22 20:00:00,2016-07-29 08:00:00,F6031,118.113,24.331,5.4835471061932175
2016-07-23 20:00:00,2016-07-30 08:00:00,F6031,118.113,24.331,3.7870783762587417
2016-07-24 20:00:00,2016-07-31 08:00:00,F6031,118.113,24.331,5.4559517700754965
2016-07-25 20:00:00,2016-08-01 08:00:00,F6031,118.113,24.331,5.892225651278308
2016-07-26 20:00:00,2016-08-02 08:00:00,F6031,118.113,24.331,4.8111446325725336
2016-07-27 20:00:00,2016-08-03 08:00:00,F6031,118.113,24.331,6.3816189150700895
2016-07-28 20:00:00,2016-08-04 08:00:00,F6031,118.113,24.331,2.533463296395301
2016-07-29 20:00:00,2016-08-05 08:00:00,F6031,118.113,24.331,4.576038166783951
2016-07-30 20:00:00,2016-08-06 08:00:00,F6031,118.113,24.331,4.8572761252805785
2016-07-31 20:00:00,2016-08-07 08:00:00,F6031,118.113,24.331,5.244186434709849
2016-08-01 20:00:00,2016-08-08 08:00:00,F6031,118.113,24.331,3.2393818736543256
2016-08-02 20:00:00,2016-08-09 08:00:00,F6031,118.113,24.331,3.191618196502988
2016-08-03 20:00:00,2016-08-10 08:00:00,F6031,118.113,24.331,6.1762336960228765
2016-08-04 20:00:00,2016-08-11 08:00:00,F6031,118.113,24.331,3.8936003596556734
2016-08-05 20:00:00,2016-08-12 08:00:00,F6031,118.113,24.331,6.412556733340487
2016-08-06 20:00:00,2016-08-13 08:00:00,F6031,118.113,24.331,5.794177561336082
2016-08-07 20:00:00,2016-08-14 08:00:00,F6031,118.113,24.331,9.116339897647464
2016-08-08 20:00:00,2016-08-15 08:00:00,F6031,118.113,24.331,7.293935041404882
2016-08-09 20:00:00,2016-08-16 08:00:00,F6031,118.113,24.331,10.949525950870012
2016-08-10 20:00:00,2016-08-17 08:00:00,F6031,118.113,24.331,6.20049873187443
2016-08-11 20:00:00,2016-08-18 08:00:00,F6031,118.113,24.331,4.49744602065688
2016-08-12 20:00:00,2016-08-19 08:00:00,F6031,118.113,24.331,4.4849973149681
2016-08-13 20:00:00,2016-08-20 08:00:00,F6031,118.113,24.331,3.7929731385662855
2016-08-14 20:00:00,2016-08-21 08:00:00,F6031,118.113,24.331,3.442011731260368
2016-08-15 20:00:00,2016-08-22 08:00:00,F6031,118.113,24.331,4.5635656875594215
2016-08-16 20:00:00,2016-08-23 08:00:00,F6031,118.113,24.331,5.7195715044394335
2016-08-17 20:00:00,2016-08-24 08:00:00,F6031,118.113,24.331,3.976308395636503
2016-08-18 20:00:00,2016-08-25 08:00:00,F6031,118.113,24.331,4.643907487039527
2016-08-19 20:00:00,2016-08-26 08:00:00,F6031,118.113,24.331,4.35315525657712
2016-08-20 20:00:00,2016-08-27 08:00:00,F6031,118.113,24.331,3.79675646236762
2016-08-21 20:00:00,2016-08-28 08:00:00,F6031,118.113,24.331,2.5651710615849
2016-08-22 20:00:00,2016-08-29 08:00:00,F6031,118.113,24.331,5.945892150107306
2016-08-23 20:00:00,2016-08-30 08:00:00,F6031,118.113,24.331,4.521655845946864
2016-08-24 20:00:00,2016-08-31 08:00:00,F6031,118.113,24.331,4.410403396003247
2016-08-25 20:00:00,2016-09-01 08:00:00,F6031,118.113,24.331,6.557572565939868
2016-08-26 20:00:00,2016-09-02 08:00:00,F6031,118.113,24.331,4.420728810955898
2016-08-27 20:00:00,2016-09-03 08:00:00,F6031,118.113,24.331,2.5843100892599846
2016-08-28 20:00:00,2016-09-04 08:00:00,F6031,118.113,24.331,4.69647682977948
2016-08-29 20:00:00,2016-09-05 08:00:00,F6031,118.113,24.331,7.096301492732338
2016-08-30 20:00:00,2016-09-06 08:00:00,F6031,118.113,24.331,7.069211123561888
2016-08-31 20:00:00,2016-09-07 08:00:00,F6031,118.113,24.331,5.464546236059951
2016-09-01 20:00:00,2016-09-08 08:00:00,F6031,118.113,24.331,5.6052733859286015
2016-09-02 20:00:00,2016-09-09 08:00:00,F6031,118.113,24.331,6.678315980318753
2016-09-03 20:00:00,2016-09-10 08:00:00,F6031,118.113,24.331,6.228620590487126
2016-09-04 20:00:00,2016-09-11 08:00:00,F6031,118.113,24.331,4.6528373408282455
2016-09-05 20:00:00,2016-09-12 08:00:00,F6031,118.113,24.331,5.003785793984563
2016-09-06 20:00:00,2016-09-13 08:00:00,F6031,118.113,24.331,6.5180396690944455
2016-09-07 20:00:00,2016-09-14 08:00:00,F6031,118.113,24.331,5.3409998801504095
2016-09-08 20:00:00,2016-09-15 08:00:00,F6031,118.113,24.331,3.840570255452351
2016-09-09 20:00:00,2016-09-16 08:00:00,F6031,118.113,24.331,3.35007109653921
2016-09-10 20:00:00,2016-09-17 08:00:00,F6031,118.113,24.331,3.2512322834688305
2016-09-11 20:00:00,2016-09-18 08:00:00,F6031,118.113,24.331,2.841254065567409
2016-09-12 20:00:00,2016-09-19 08:00:00,F6031,118.113,24.331,6.322688174838259
2016-09-13 20:00:00,2016-09-20 08:00:00,F6031,118.113,24.331,9.14123227778036
2016-09-14 20:00:00,2016-09-21 08:00:00,F6031,118.113,24.331,6.89842113413784
2016-09-15 20:00:00,2016-09-22 08:00:00,F6031,118.113,24.331,6.561713938456397
2016-09-16 20:00:00,2016-09-23 08:00:00,F6031,118.113,24.331,6.02800515797704
2016-09-17 20:00:00,2016-09-24 08:00:00,F6031,118.113,24.331,6.371167994462477
2016-09-18 20:00:00,2016-09-25 08:00:00,F6031,118.113,24.331,5.4813028032244695
2016-09-19 20:00:00,2016-09-26 08:00:00,F6031,118.113,24.331,5.5100148450264745
2016-09-20 20:00:00,2016-09-27 08:00:00,F6031,118.113,24.331,6.896615277286572
2016-09-21 20:00:00,2016-09-28 08:00:00,F6031,118.113,24.331,10.496167802920533
2016-09-22 20:00:00,2016-09-29 08:00:00,F6031,118.113,24.331,7.6266513805303875
2016-09-23 20:00:00,2016-09-30 08:00:00,F6031,118.113,24.331,1.3029420657949196
2016-09-24 20:00:00,2016-10-01 08:00:00,F6031,118.113,24.331,3.2666984226801747
2016-09-25 20:00:00,2016-10-02 08:00:00,F6031,118.113,24.331,1.9818609027015408
2016-09-26 20:00:00,2016-10-03 08:00:00,F6031,118.113,24.331,6.835071767112873
2016-09-27 20:00:00,2016-10-04 08:00:00,F6031,118.113,24.331,2.3594142012883026
2016-09-28 20:00:00,2016-10-05 08:00:00,F6031,118.113,24.331,5.65630723252829
2016-09-29 20:00:00,2016-10-06 08:00:00,F6031,118.113,24.331,8.971129033268879
2016-09-30 20:00:00,2016-10-07 08:00:00,F6031,118.113,24.331,8.711395580697648
2016-10-01 20:00:00,2016-10-08 08:00:00,F6031,118.113,24.331,1.8632001067411084
2016-10-02 20:00:00,2016-10-09 08:00:00,F6031,118.113,24.331,6.3141359436263835
2016-10-03 20:00:00,2016-10-10 08:00:00,F6031,118.113,24.331,9.632867112806018
2016-10-04 20:00:00,2016-10-11 08:00:00,F6031,118.113,24.331,9.372455093235438
2016-10-05 20:00:00,2016-10-12 08:00:00,F6031,118.113,24.331,10.644686005826044
2016-10-06 20:00:00,2016-10-13 08:00:00,F6031,118.113,24.331,7.262799775352672
2016-10-07 20:00:00,2016-10-14 08:00:00,F6031,118.113,24.331,7.774487529691857
2016-10-08 20:00:00,2016-10-15 08:00:00,F6031,118.113,24.331,7.326485197987118
2016-10-09 20:00:00,2016-10-16 08:00:00,F6031,118.113,24.331,7.777583921628944
2016-10-10 20:00:00,2016-10-17 08:00:00,F6031,118.113,24.331,8.64734821238646
2016-10-11 20:00:00,2016-10-18 08:00:00,F6031,118.113,24.331,7.628237730633758
2016-10-12 20:00:00,2016-10-19 08:00:00,F6031,118.113,24.331,6.502155299043433
2016-10-13 20:00:00,2016-10-20 08:00:00,F6031,118.113,24.331,7.1553196877647816
2016-10-14 20:00:00,2016-10-21 08:00:00,F6031,118.113,24.331,4.860489885754423
2016-10-15 20:00:00,2016-10-22 08:00:00,F6031,118.113,24.331,3.780464444014227
2016-10-16 20:00:00,2016-10-23 08:00:00,F6031,118.113,24.331,6.5405777646933165
2016-10-17 20:00:00,2016-10-24 08:00:00,F6031,118.113,24.331,7.942407081431176
2016-10-18 20:00:00,2016-10-25 08:00:00,F6031,118.113,24.331,3.191748515952673
2016-10-21 20:00:00,2016-10-28 08:00:00,F6031,118.113,24.331,1.7982405045606262
2016-10-22 20:00:00,2016-10-29 08:00:00,F6031,118.113,24.331,7.515174040526422
2016-10-23 20:00:00,2016-10-30 08:00:00,F6031,118.113,24.331,10.231166427644126
2016-10-24 20:00:00,2016-10-31 08:00:00,F6031,118.113,24.331,8.328454628422891
2016-10-25 20:00:00,2016-11-01 08:00:00,F6031,118.113,24.331,11.893746444016573
2016-10-26 20:00:00,2016-11-02 08:00:00,F6031,118.113,24.331,11.142663776510597
2016-10-27 20:00:00,2016-11-03 08:00:00,F6031,118.113,24.331,8.869769476746917
2016-10-28 20:00:00,2016-11-04 08:00:00,F6031,118.113,24.331,6.869300434299753
2016-10-29 20:00:00,2016-11-05 08:00:00,F6031,118.113,24.331,6.3397323865209225
2016-10-30 20:00:00,2016-11-06 08:00:00,F6031,118.113,24.331,6.345792129371621
2016-10-31 20:00:00,2016-11-07 08:00:00,F6031,118.113,24.331,6.672196160338628
2016-11-01 20:00:00,2016-11-08 08:00:00,F6031,118.113,24.331,8.907137091655146
2016-11-02 20:00:00,2016-11-09 08:00:00,F6031,118.113,24.331,9.952880662176074
2016-11-03 20:00:00,2016-11-10 08:00:00,F6031,118.113,24.331,4.931373296986044
2016-11-04 20:00:00,2016-11-11 08:00:00,F6031,118.113,24.331,7.2331097065778724
2016-11-05 20:00:00,2016-11-12 08:00:00,F6031,118.113,24.331,5.656058494310902
2016-11-06 20:00:00,2016-11-13 08:00:00,F6031,118.113,24.331,6.346154576114553
2016-11-07 20:00:00,2016-11-14 08:00:00,F6031,118.113,24.331,6.0235689432213295
2016-11-08 20:00:00,2016-11-15 08:00:00,F6031,118.113,24.331,1.6716596944043265
2016-11-09 20:00:00,2016-11-16 08:00:00,F6031,118.113,24.331,7.282886757719753
2016-11-10 20:00:00,2016-11-17 08:00:00,F6031,118.113,24.331,5.152205054285536
2016-11-11 20:00:00,2016-11-18 08:00:00,F6031,118.113,24.331,4.06972405382209
2016-11-12 20:00:00,2016-11-19 08:00:00,F6031,118.113,24.331,3.496408466988321
2016-11-13 20:00:00,2016-11-20 08:00:00,F6031,118.113,24.331,5.255956170048211
2016-11-14 20:00:00,2016-11-21 08:00:00,F6031,118.113,24.331,1.8662182054329792
2016-11-15 20:00:00,2016-11-22 08:00:00,F6031,118.113,24.331,4.557989500608032
2016-11-16 20:00:00,2016-11-23 08:00:00,F6031,118.113,24.331,10.872298444491232
2016-11-17 20:00:00,2016-11-24 08:00:00,F6031,118.113,24.331,10.193392531550954
2016-11-18 20:00:00,2016-11-25 08:00:00,F6031,118.113,24.331,9.703634812672814
2016-11-19 20:00:00,2016-11-26 08:00:00,F6031,118.113,24.331,2.6121610035705625
2016-11-20 20:00:00,2016-11-27 08:00:00,F6031,118.113,24.331,11.146033099872275
2016-11-21 20:00:00,2016-11-28 08:00:00,F6031,118.113,24.331,12.183542919387266
2016-11-22 20:00:00,2016-11-29 08:00:00,F6031,118.113,24.331,7.9178227481465395
2016-11-23 20:00:00,2016-11-30 08:00:00,F6031,118.113,24.331,4.382282266446439
2016-11-25 20:00:00,2016-12-02 08:00:00,F6031,118.113,24.331,8.302348578748216
2016-11-26 20:00:00,2016-12-03 08:00:00,F6031,118.113,24.331,9.129859906663286
2016-11-27 20:00:00,2016-12-04 08:00:00,F6031,118.113,24.331,3.414401973426948
2016-11-28 20:00:00,2016-12-05 08:00:00,F6031,118.113,24.331,6.209334268954562
2016-11-29 20:00:00,2016-12-06 08:00:00,F6031,118.113,24.331,9.575591412038802
2016-11-30 20:00:00,2016-12-07 08:00:00,F6031,118.113,24.331,7.013873643588905
2016-12-01 20:00:00,2016-12-08 08:00:00,F6031,118.113,24.331,9.303684208169408
2016-12-02 20:00:00,2016-12-09 08:00:00,F6031,118.113,24.331,9.424869250917864
2016-12-03 20:00:00,2016-12-10 08:00:00,F6031,118.113,24.331,10.539731593504467
2016-12-04 20:00:00,2016-12-11 08:00:00,F6031,118.113,24.331,8.333823677778032
2016-12-05 20:00:00,2016-12-12 08:00:00,F6031,118.113,24.331,5.088340052205153
2016-12-06 20:00:00,2016-12-13 08:00:00,F6031,118.113,24.331,5.837654511497933
2016-12-07 20:00:00,2016-12-14 08:00:00,F6031,118.113,24.331,9.903816407773293
2016-12-08 20:00:00,2016-12-15 08:00:00,F6031,118.113,24.331,8.714756158908681
2016-12-09 20:00:00,2016-12-16 08:00:00,F6031,118.113,24.331,10.484918955678081
2016-12-10 20:00:00,2016-12-17 08:00:00,F6031,118.113,24.331,7.702017056892103
2016-12-11 20:00:00,2016-12-18 08:00:00,F6031,118.113,24.331,5.116970674283414
2016-12-12 20:00:00,2016-12-19 08:00:00,F6031,118.113,24.331,3.9055380064107297
2016-12-13 20:00:00,2016-12-20 08:00:00,F6031,118.113,24.331,5.1897325185381336
2016-12-14 20:00:00,2016-12-21 08:00:00,F6031,118.113,24.331,6.27865943737834
2016-12-15 20:00:00,2016-12-22 08:00:00,F6031,118.113,24.331,7.63409962892608
2016-12-16 20:00:00,2016-12-23 08:00:00,F6031,118.113,24.331,9.832434957519764
2016-12-17 20:00:00,2016-12-24 08:00:00,F6031,118.113,24.331,9.979359986503972
2016-12-18 20:00:00,2016-12-25 08:00:00,F6031,118.113,24.331,5.276731494934705
2016-12-19 20:00:00,2016-12-26 08:00:00,F6031,118.113,24.331,2.2810599516982246
2016-12-20 20:00:00,2016-12-27 08:00:00,F6031,118.113,24.331,10.974781885891032
2016-12-21 20:00:00,2016-12-28 08:00:00,F6031,118.113,24.331,7.229833515470077
2016-12-22 20:00:00,2016-12-29 08:00:00,F6031,118.113,24.331,11.2525261963025
2016-12-23 20:00:00,2016-12-30 08:00:00,F6031,118.113,24.331,7.645295712563198
2016-12-24 20:00:00,2016-12-31 08:00:00,F6031,118.113,24.331,8.370467717178316
2016-12-25 20:00:00,2017-01-01 08:00:00,F6031,118.113,24.331,5.0363026155004285
2016-12-26 20:00:00,2017-01-02 08:00:00,F6031,118.113,24.331,5.862552051769876
2016-12-27 20:00:00,2017-01-03 08:00:00,F6031,118.113,24.331,6.312121930963053
2016-12-28 20:00:00,2017-01-04 08:00:00,F6031,118.113,24.331,6.212554369007576
2016-12-29 20:00:00,2017-01-05 08:00:00,F6031,118.113,24.331,2.4542548664770987
2016-12-30 20:00:00,2017-01-06 08:00:00,F6031,118.113,24.331,7.023909499967862
2016-12-31 20:00:00,2017-01-07 08:00:00,F6031,118.113,24.331,2.967946752082476
2017-01-01 20:00:00,2017-01-08 08:00:00,F6031,118.113,24.331,7.2177890202806925
2017-01-02 20:00:00,2017-01-09 08:00:00,F6031,118.113,24.331,8.491947848532215
2017-01-03 20:00:00,2017-01-10 08:00:00,F6031,118.113,24.331,8.4095436864013
2017-01-04 20:00:00,2017-01-11 08:00:00,F6031,118.113,24.331,8.674339529063902
2017-01-05 20:00:00,2017-01-12 08:00:00,F6031,118.113,24.331,3.758181180085181
2017-01-06 20:00:00,2017-01-13 08:00:00,F6031,118.113,24.331,7.52694813452404
2017-01-07 20:00:00,2017-01-14 08:00:00,F6031,118.113,24.331,10.317338414364645
2017-01-08 20:00:00,2017-01-15 08:00:00,F6031,118.113,24.331,10.654493918331593
2017-01-09 20:00:00,2017-01-16 08:00:00,F6031,118.113,24.331,11.121885345852661
2017-01-10 20:00:00,2017-01-17 08:00:00,F6031,118.113,24.331,10.712380861391974
2017-01-11 20:00:00,2017-01-18 08:00:00,F6031,118.113,24.331,7.596701831157553
2017-01-12 20:00:00,2017-01-19 08:00:00,F6031,118.113,24.331,8.327583477684836
2017-01-13 20:00:00,2017-01-20 08:00:00,F6031,118.113,24.331,10.403132748917693
2017-01-14 20:00:00,2017-01-21 08:00:00,F6031,118.113,24.331,7.7457634033349825
2017-01-15 20:00:00,2017-01-22 08:00:00,F6031,118.113,24.331,8.150194277335737
2017-01-16 20:00:00,2017-01-23 08:00:00,F6031,118.113,24.331,9.596782385817793
2017-01-17 20:00:00,2017-01-24 08:00:00,F6031,118.113,24.331,9.64294096165735
2017-01-18 20:00:00,2017-01-25 08:00:00,F6031,118.113,24.331,7.394359075114187
2017-01-19 20:00:00,2017-01-26 08:00:00,F6031,118.113,24.331,8.112835909549364
2017-01-20 20:00:00,2017-01-27 08:00:00,F6031,118.113,24.331,4.797070006952019
2017-01-21 20:00:00,2017-01-28 08:00:00,F6031,118.113,24.331,6.24490426551342
2017-01-22 20:00:00,2017-01-29 08:00:00,F6031,118.113,24.331,1.0294897359082518
2017-01-23 20:00:00,2017-01-30 08:00:00,F6031,118.113,24.331,10.103962199976788
2017-01-24 20:00:00,2017-01-31 08:00:00,F6031,118.113,24.331,9.482016286756423
2017-01-25 20:00:00,2017-02-01 08:00:00,F6031,118.113,24.331,5.440075423187411
2017-01-26 20:00:00,2017-02-02 08:00:00,F6031,118.113,24.331,9.606896573932062
2017-01-27 20:00:00,2017-02-03 08:00:00,F6031,118.113,24.331,4.983485390017867
2017-01-28 20:00:00,2017-02-04 08:00:00,F6031,118.113,24.331,3.878875335785
2017-01-29 20:00:00,2017-02-05 08:00:00,F6031,118.113,24.331,7.1724227014742965
2017-01-30 20:00:00,2017-02-06 08:00:00,F6031,118.113,24.331,10.311636686794198
2017-01-31 20:00:00,2017-02-07 08:00:00,F6031,118.113,24.331,6.113806473134555
2017-02-01 20:00:00,2017-02-08 08:00:00,F6031,118.113,24.331,3.9406315701358814
2017-02-02 20:00:00,2017-02-09 08:00:00,F6031,118.113,24.331,8.055155150520893
2017-02-03 20:00:00,2017-02-10 08:00:00,F6031,118.113,24.331,8.323278573110992
2017-02-04 20:00:00,2017-02-11 08:00:00,F6031,118.113,24.331,8.783398156153575
2017-02-05 20:00:00,2017-02-12 08:00:00,F6031,118.113,24.331,9.439544140591423
2017-02-06 20:00:00,2017-02-13 08:00:00,F6031,118.113,24.331,8.302689494232013
2017-02-07 20:00:00,2017-02-14 08:00:00,F6031,118.113,24.331,9.684189287881964
2017-02-08 20:00:00,2017-02-15 08:00:00,F6031,118.113,24.331,3.0460591161077253
2017-02-09 20:00:00,2017-02-16 08:00:00,F6031,118.113,24.331,4.240050932684457
2017-02-10 20:00:00,2017-02-17 08:00:00,F6031,118.113,24.331,3.59278081494045
2017-02-11 20:00:00,2017-02-18 08:00:00,F6031,118.113,24.331,5.1097611992868215
2017-02-12 20:00:00,2017-02-19 08:00:00,F6031,118.113,24.331,5.7741392308519615
2017-02-13 20:00:00,2017-02-20 08:00:00,F6031,118.113,24.331,1.8951434322233152
2017-02-14 20:00:00,2017-02-21 08:00:00,F6031,118.113,24.331,8.60498763497355
2017-02-15 20:00:00,2017-02-22 08:00:00,F6031,118.113,24.331,3.044514210650348
2017-02-16 20:00:00,2017-02-23 08:00:00,F6031,118.113,24.331,8.096560566366312
2017-02-17 20:00:00,2017-02-24 08:00:00,F6031,118.113,24.331,8.270292207331801
2017-02-18 20:00:00,2017-02-25 08:00:00,F6031,118.113,24.331,6.4629388687841285
2017-02-19 20:00:00,2017-02-26 08:00:00,F6031,118.113,24.331,7.577309863129373
2017-02-20 20:00:00,2017-02-27 08:00:00,F6031,118.113,24.331,9.435413208179217
2017-02-21 20:00:00,2017-02-28 08:00:00,F6031,118.113,24.331,6.5755020108161055
2017-02-22 20:00:00,2017-03-01 08:00:00,F6031,118.113,24.331,2.7417393243808714
2017-02-23 20:00:00,2017-03-02 08:00:00,F6031,118.113,24.331,8.020528010290588
2017-02-24 20:00:00,2017-03-03 08:00:00,F6031,118.113,24.331,8.288967968195477
2017-02-25 20:00:00,2017-03-04 08:00:00,F6031,118.113,24.331,3.237553099465402
2017-02-26 20:00:00,2017-03-05 08:00:00,F6031,118.113,24.331,6.0713574353706194
2017-02-27 20:00:00,2017-03-06 08:00:00,F6031,118.113,24.331,10.075155808577158
2017-02-28 20:00:00,2017-03-07 08:00:00,F6031,118.113,24.331,8.041410089381458
2017-03-01 20:00:00,2017-03-08 08:00:00,F6031,118.113,24.331,6.2101814965951565
2017-03-02 20:00:00,2017-03-09 08:00:00,F6031,118.113,24.331,6.6404590058754325
2017-03-03 20:00:00,2017-03-10 08:00:00,F6031,118.113,24.331,7.009249597355082
2017-03-04 20:00:00,2017-03-11 08:00:00,F6031,118.113,24.331,3.875434142958585
2017-03-05 20:00:00,2017-03-12 08:00:00,F6031,118.113,24.331,4.354259452202394
2017-03-06 20:00:00,2017-03-13 08:00:00,F6031,118.113,24.331,5.966544020960143
2017-03-07 20:00:00,2017-03-14 08:00:00,F6031,118.113,24.331,4.219325982779616
2017-03-08 20:00:00,2017-03-15 08:00:00,F6031,118.113,24.331,8.842245218022601
2017-03-09 20:00:00,2017-03-16 08:00:00,F6031,118.113,24.331,7.023355310816207
2017-03-10 20:00:00,2017-03-17 08:00:00,F6031,118.113,24.331,7.09840944327375
2017-03-11 20:00:00,2017-03-18 08:00:00,F6031,118.113,24.331,5.758429258504201
2017-03-12 20:00:00,2017-03-19 08:00:00,F6031,118.113,24.331,9.29516981907727
2017-03-13 20:00:00,2017-03-20 08:00:00,F6031,118.113,24.331,6.4226411781466375
2017-03-14 20:00:00,2017-03-21 08:00:00,F6031,118.113,24.331,10.839569496354306
2017-03-15 20:00:00,2017-03-22 08:00:00,F6031,118.113,24.331,5.945018061382814
2017-03-16 20:00:00,2017-03-23 08:00:00,F6031,118.113,24.331,6.0988666928879685
2017-03-17 20:00:00,2017-03-24 08:00:00,F6031,118.113,24.331,4.811726467616026
2017-03-18 20:00:00,2017-03-25 08:00:00,F6031,118.113,24.331,8.493943875434848
2017-03-19 20:00:00,2017-03-26 08:00:00,F6031,118.113,24.331,9.054571849406974
2017-03-20 20:00:00,2017-03-27 08:00:00,F6031,118.113,24.331,7.472333109796004
2017-03-21 20:00:00,2017-03-28 08:00:00,F6031,118.113,24.331,4.501020380934219
2017-03-22 20:00:00,2017-03-29 08:00:00,F6031,118.113,24.331,3.3944720593802784
2017-03-23 20:00:00,2017-03-30 08:00:00,F6031,118.113,24.331,2.4483448808219155
2017-03-24 20:00:00,2017-03-31 08:00:00,F6031,118.113,24.331,5.263789720504479
2017-03-25 20:00:00,2017-04-01 08:00:00,F6031,118.113,24.331,9.92441504681279
2017-03-26 20:00:00,2017-04-02 08:00:00,F6031,118.113,24.331,6.615094983479676
2017-03-27 20:00:00,2017-04-03 08:00:00,F6031,118.113,24.331,5.291279875367043
2017-03-28 20:00:00,2017-04-04 08:00:00,F6031,118.113,24.331,3.69496433643133
2017-03-29 20:00:00,2017-04-05 08:00:00,F6031,118.113,24.331,3.7586628310443713
2017-03-30 20:00:00,2017-04-06 08:00:00,F6031,118.113,24.331,2.4673337943796168
2017-03-31 20:00:00,2017-04-07 08:00:00,F6031,118.113,24.331,5.889136097969197
2017-04-01 20:00:00,2017-04-08 08:00:00,F6031,118.113,24.331,6.56702938403175
2017-04-02 20:00:00,2017-04-09 08:00:00,F6031,118.113,24.331,8.358031187366898
2017-04-03 20:00:00,2017-04-10 08:00:00,F6031,118.113,24.331,8.686568190723746
2017-04-04 20:00:00,2017-04-11 08:00:00,F6031,118.113,24.331,6.986227264515809
2017-04-06 20:00:00,2017-04-13 08:00:00,F6031,118.113,24.331,6.2157261274900435
2017-04-07 20:00:00,2017-04-14 08:00:00,F6031,118.113,24.331,2.74375544470004
2017-04-08 20:00:00,2017-04-15 08:00:00,F6031,118.113,24.331,3.7199652446691247
2017-04-09 20:00:00,2017-04-16 08:00:00,F6031,118.113,24.331,4.260100694849084
2017-04-10 20:00:00,2017-04-17 08:00:00,F6031,118.113,24.331,8.00788849360394
2017-04-11 20:00:00,2017-04-18 08:00:00,F6031,118.113,24.331,6.4589470169002645
2017-04-12 20:00:00,2017-04-19 08:00:00,F6031,118.113,24.331,3.8637539310606672
2017-04-13 20:00:00,2017-04-20 08:00:00,F6031,118.113,24.331,2.197190620886389
2017-04-14 20:00:00,2017-04-21 08:00:00,F6031,118.113,24.331,7.304297370624724
2017-04-15 20:00:00,2017-04-22 08:00:00,F6031,118.113,24.331,6.600378570397358
2017-04-16 20:00:00,2017-04-23 08:00:00,F6031,118.113,24.331,3.525169053567466
2017-04-17 20:00:00,2017-04-24 08:00:00,F6031,118.113,24.331,4.908874247956294
2017-04-18 20:00:00,2017-04-25 08:00:00,F6031,118.113,24.331,3.0911842907535974
2017-04-19 20:00:00,2017-04-26 08:00:00,F6031,118.113,24.331,9.97425573214997
2017-04-20 20:00:00,2017-04-27 08:00:00,F6031,118.113,24.331,9.347729916712824
2017-05-08 20:00:00,2017-05-15 08:00:00,F6031,118.113,24.331,2.5441669854057616
2017-05-09 20:00:00,2017-05-16 08:00:00,F6031,118.113,24.331,4.426477493293794
2017-05-10 20:00:00,2017-05-17 08:00:00,F6031,118.113,24.331,5.117935861577115
2017-05-11 20:00:00,2017-05-18 08:00:00,F6031,118.113,24.331,7.320175931163956
2017-05-12 20:00:00,2017-05-19 08:00:00,F6031,118.113,24.331,5.830765468711468
2017-05-13 20:00:00,2017-05-20 08:00:00,F6031,118.113,24.331,6.400749214149617
2017-05-14 20:00:00,2017-05-21 08:00:00,F6031,118.113,24.331,6.31559500695146
2017-05-15 20:00:00,2017-05-22 08:00:00,F6031,118.113,24.331,4.698268924640893
2017-05-16 20:00:00,2017-05-23 08:00:00,F6031,118.113,24.331,2.3072759830357565
2017-05-17 20:00:00,2017-05-24 08:00:00,F6031,118.113,24.331,5.0495958185661305
2017-05-18 20:00:00,2017-05-25 08:00:00,F6031,118.113,24.331,6.4334444478985775
2017-05-19 20:00:00,2017-05-26 08:00:00,F6031,118.113,24.331,5.7056733648026645
2017-05-20 20:00:00,2017-05-27 08:00:00,F6031,118.113,24.331,6.1156945458206655
2017-05-21 20:00:00,2017-05-28 08:00:00,F6031,118.113,24.331,6.285312662703182
2017-05-22 20:00:00,2017-05-29 08:00:00,F6031,118.113,24.331,8.09369356604607
2017-05-23 20:00:00,2017-05-30 08:00:00,F6031,118.113,24.331,4.139978224349369
2017-05-24 20:00:00,2017-05-31 08:00:00,F6031,118.113,24.331,7.076743870045999
2017-05-25 20:00:00,2017-06-01 08:00:00,F6031,118.113,24.331,8.282300514102737
2017-05-26 20:00:00,2017-06-02 08:00:00,F6031,118.113,24.331,7.376322956347612
2017-05-27 20:00:00,2017-06-03 08:00:00,F6031,118.113,24.331,6.750569348821796
2017-05-28 20:00:00,2017-06-04 08:00:00,F6031,118.113,24.331,3.7937400237022616
2017-05-29 20:00:00,2017-06-05 08:00:00,F6031,118.113,24.331,5.990562462997775
2017-05-30 20:00:00,2017-06-06 08:00:00,F6031,118.113,24.331,5.126945727815972
2017-05-31 20:00:00,2017-06-07 08:00:00,F6031,118.113,24.331,4.152329787440799
2017-06-01 20:00:00,2017-06-08 08:00:00,F6031,118.113,24.331,5.1313910757148165
2017-06-02 20:00:00,2017-06-09 08:00:00,F6031,118.113,24.331,6.971354896109734
2017-06-03 20:00:00,2017-06-10 08:00:00,F6031,118.113,24.331,6.399956912317138
2017-06-04 20:00:00,2017-06-11 08:00:00,F6031,118.113,24.331,7.701556244497357
2017-06-05 20:00:00,2017-06-12 08:00:00,F6031,118.113,24.331,7.10844952539964
2017-06-06 20:00:00,2017-06-13 08:00:00,F6031,118.113,24.331,8.623837651132671
2017-06-07 20:00:00,2017-06-14 08:00:00,F6031,118.113,24.331,7.327253342314518
2017-06-08 20:00:00,2017-06-15 08:00:00,F6031,118.113,24.331,6.1629633114577125
2017-06-09 20:00:00,2017-06-16 08:00:00,F6031,118.113,24.331,6.090828640463773
2017-06-10 20:00:00,2017-06-17 08:00:00,F6031,118.113,24.331,7.772546007362129
2017-06-11 20:00:00,2017-06-18 08:00:00,F6031,118.113,24.331,7.832539289124492
2017-06-12 20:00:00,2017-06-19 08:00:00,F6031,118.113,24.331,4.638771902656379
2017-06-13 20:00:00,2017-06-20 08:00:00,F6031,118.113,24.331,6.386604343945308
2017-06-14 20:00:00,2017-06-21 08:00:00,F6031,118.113,24.331,7.185636738975807
2017-06-15 20:00:00,2017-06-22 08:00:00,F6031,118.113,24.331,7.968508686565626
2017-06-16 20:00:00,2017-06-23 08:00:00,F6031,118.113,24.331,6.027114696629669
2017-06-17 20:00:00,2017-06-24 08:00:00,F6031,118.113,24.331,7.344205928230936
2017-06-18 20:00:00,2017-06-25 08:00:00,F6031,118.113,24.331,9.062292219738874
2017-06-19 20:00:00,2017-06-26 08:00:00,F6031,118.113,24.331,7.554951593163077
2017-06-20 20:00:00,2017-06-27 08:00:00,F6031,118.113,24.331,7.081105497195144
2017-06-21 20:00:00,2017-06-28 08:00:00,F6031,118.113,24.331,5.90866258143472
2017-06-22 20:00:00,2017-06-29 08:00:00,F6031,118.113,24.331,6.080289856101204
2017-06-23 20:00:00,2017-06-30 08:00:00,F6031,118.113,24.331,4.981305332050834
2017-06-24 20:00:00,2017-07-01 08:00:00,F6031,118.113,24.331,3.9095910618065917
2017-06-25 20:00:00,2017-07-02 08:00:00,F6031,118.113,24.331,5.363804032633863
2017-06-26 20:00:00,2017-07-03 08:00:00,F6031,118.113,24.331,4.690966213087071
2017-06-27 20:00:00,2017-07-04 08:00:00,F6031,118.113,24.331,5.5084201059646185
2017-06-28 20:00:00,2017-07-05 08:00:00,F6031,118.113,24.331,5.963043097551321
2017-06-29 20:00:00,2017-07-06 08:00:00,F6031,118.113,24.331,4.817515389233461
2017-06-30 20:00:00,2017-07-07 08:00:00,F6031,118.113,24.331,6.064060667466265
2017-07-01 20:00:00,2017-07-08 08:00:00,F6031,118.113,24.331,4.658571335083118
2017-07-02 20:00:00,2017-07-09 08:00:00,F6031,118.113,24.331,5.197869163667639
2017-07-03 20:00:00,2017-07-10 08:00:00,F6031,118.113,24.331,4.827422556238761
2017-07-04 20:00:00,2017-07-11 08:00:00,F6031,118.113,24.331,5.158897910578294
2017-07-05 20:00:00,2017-07-12 08:00:00,F6031,118.113,24.331,5.691404220354072
2017-07-06 20:00:00,2017-07-13 08:00:00,F6031,118.113,24.331,4.764496794729516
2017-07-07 20:00:00,2017-07-14 08:00:00,F6031,118.113,24.331,4.874819412142582
2017-07-08 20:00:00,2017-07-15 08:00:00,F6031,118.113,24.331,4.433669656712362
2017-07-09 20:00:00,2017-07-16 08:00:00,F6031,118.113,24.331,7.3157467956611155
2017-07-10 20:00:00,2017-07-17 08:00:00,F6031,118.113,24.331,4.1126034284692095
2017-07-11 20:00:00,2017-07-18 08:00:00,F6031,118.113,24.331,4.111655324351713
2017-07-12 20:00:00,2017-07-19 08:00:00,F6031,118.113,24.331,5.0424537376721394
2017-07-13 20:00:00,2017-07-20 08:00:00,F6031,118.113,24.331,4.230184412303184
2017-07-14 20:00:00,2017-07-21 08:00:00,F6031,118.113,24.331,4.517097122280367
2017-07-15 20:00:00,2017-07-22 08:00:00,F6031,118.113,24.331,5.473864494865592
2017-07-16 20:00:00,2017-07-23 08:00:00,F6031,118.113,24.331,2.9098727392560404
2017-07-17 20:00:00,2017-07-24 08:00:00,F6031,118.113,24.331,3.380259937905356
2017-07-18 20:00:00,2017-07-25 08:00:00,F6031,118.113,24.331,4.747986172994821
2017-07-19 20:00:00,2017-07-26 08:00:00,F6031,118.113,24.331,3.878648184618252
2017-07-21 20:00:00,2017-07-28 08:00:00,F6031,118.113,24.331,3.6953655196427087
2017-07-22 20:00:00,2017-07-29 08:00:00,F6031,118.113,24.331,4.526610628186185
2017-07-23 20:00:00,2017-07-30 08:00:00,F6031,118.113,24.331,4.353327023956006
2017-07-24 20:00:00,2017-07-31 08:00:00,F6031,118.113,24.331,4.3795673275483455
2017-07-25 20:00:00,2017-08-01 08:00:00,F6031,118.113,24.331,5.292149406488087
2017-07-26 20:00:00,2017-08-02 08:00:00,F6031,118.113,24.331,5.264239775746298
2017-07-27 20:00:00,2017-08-03 08:00:00,F6031,118.113,24.331,5.704132785594332
2017-07-28 20:00:00,2017-08-04 08:00:00,F6031,118.113,24.331,6.324599467760135
2017-07-29 20:00:00,2017-08-05 08:00:00,F6031,118.113,24.331,6.672672434589961
2017-07-30 20:00:00,2017-08-06 08:00:00,F6031,118.113,24.331,5.957465207044022
2017-07-31 20:00:00,2017-08-07 08:00:00,F6031,118.113,24.331,7.515850783703509
2017-08-01 20:00:00,2017-08-08 08:00:00,F6031,118.113,24.331,7.589827994788298
2017-08-02 20:00:00,2017-08-09 08:00:00,F6031,118.113,24.331,7.54954708827928
2017-08-03 20:00:00,2017-08-10 08:00:00,F6031,118.113,24.331,8.671811895016107
2017-08-04 20:00:00,2017-08-11 08:00:00,F6031,118.113,24.331,7.072594997561373
2017-08-05 20:00:00,2017-08-12 08:00:00,F6031,118.113,24.331,7.0861542844220935
2017-08-06 20:00:00,2017-08-13 08:00:00,F6031,118.113,24.331,7.729937631317138
2017-08-07 20:00:00,2017-08-14 08:00:00,F6031,118.113,24.331,7.302469387158598
2017-08-08 20:00:00,2017-08-15 08:00:00,F6031,118.113,24.331,7.239208664127191
2017-08-09 20:00:00,2017-08-16 08:00:00,F6031,118.113,24.331,5.7550414134069685
2017-08-10 20:00:00,2017-08-17 08:00:00,F6031,118.113,24.331,5.21382116127543
2017-08-12 20:00:00,2017-08-19 08:00:00,F6031,118.113,24.331,6.097106347043503
2017-08-13 20:00:00,2017-08-20 08:00:00,F6031,118.113,24.331,6.387391603866003
2017-08-14 20:00:00,2017-08-21 08:00:00,F6031,118.113,24.331,5.330787518042062
2017-08-15 20:00:00,2017-08-22 08:00:00,F6031,118.113,24.331,4.455327158600799
2017-08-16 20:00:00,2017-08-23 08:00:00,F6031,118.113,24.331,3.6232602990902967
2017-08-17 20:00:00,2017-08-24 08:00:00,F6031,118.113,24.331,2.6507514465864848
2017-08-18 20:00:00,2017-08-25 08:00:00,F6031,118.113,24.331,7.179048890377692
2017-08-19 20:00:00,2017-08-26 08:00:00,F6031,118.113,24.331,8.305776167199799
2017-08-20 20:00:00,2017-08-27 08:00:00,F6031,118.113,24.331,2.833643431445865
2017-08-21 20:00:00,2017-08-28 08:00:00,F6031,118.113,24.331,3.872395347256607
2017-08-22 20:00:00,2017-08-29 08:00:00,F6031,118.113,24.331,2.923842114939642
2017-08-23 20:00:00,2017-08-30 08:00:00,F6031,118.113,24.331,2.566435274693041
2017-08-24 20:00:00,2017-08-31 08:00:00,F6031,118.113,24.331,6.207194855606566
2017-08-25 20:00:00,2017-09-01 08:00:00,F6031,118.113,24.331,6.3359235542727825
2017-08-26 20:00:00,2017-09-02 08:00:00,F6031,118.113,24.331,5.545995114614873
2017-08-27 20:00:00,2017-09-03 08:00:00,F6031,118.113,24.331,5.295872360948448
2017-08-28 20:00:00,2017-09-04 08:00:00,F6031,118.113,24.331,4.31969099676201
2017-08-29 20:00:00,2017-09-05 08:00:00,F6031,118.113,24.331,3.957158285133212
2017-08-30 20:00:00,2017-09-06 08:00:00,F6031,118.113,24.331,4.91695338162678
2017-08-31 20:00:00,2017-09-07 08:00:00,F6031,118.113,24.331,4.875417671299328
2017-09-01 20:00:00,2017-09-08 08:00:00,F6031,118.113,24.331,3.8557552204884895
2017-09-02 20:00:00,2017-09-09 08:00:00,F6031,118.113,24.331,3.5186913782948683
2017-09-03 20:00:00,2017-09-10 08:00:00,F6031,118.113,24.331,5.000938491346359
2017-09-04 20:00:00,2017-09-11 08:00:00,F6031,118.113,24.331,5.030413728459632
2017-09-05 20:00:00,2017-09-12 08:00:00,F6031,118.113,24.331,4.976940611787702
2017-09-06 20:00:00,2017-09-13 08:00:00,F6031,118.113,24.331,8.435999292453001
2017-09-07 20:00:00,2017-09-14 08:00:00,F6031,118.113,24.331,10.146199992369946
2017-09-08 20:00:00,2017-09-15 08:00:00,F6031,118.113,24.331,10.593988696334124
2017-09-10 20:00:00,2017-09-17 08:00:00,F6031,118.113,24.331,3.64566417831612
2017-09-11 20:00:00,2017-09-18 08:00:00,F6031,118.113,24.331,4.496961045742565
2017-09-12 20:00:00,2017-09-19 08:00:00,F6031,118.113,24.331,3.6852943253164647
2017-09-13 20:00:00,2017-09-20 08:00:00,F6031,118.113,24.331,5.718653761335123
2017-09-14 20:00:00,2017-09-21 08:00:00,F6031,118.113,24.331,5.727438141770771
2017-09-15 20:00:00,2017-09-22 08:00:00,F6031,118.113,24.331,4.264124622964048
2017-09-16 20:00:00,2017-09-23 08:00:00,F6031,118.113,24.331,3.430263132344708
2017-09-17 20:00:00,2017-09-24 08:00:00,F6031,118.113,24.331,4.013317922908113
2017-09-18 20:00:00,2017-09-25 08:00:00,F6031,118.113,24.331,4.657173783492693
2017-09-19 20:00:00,2017-09-26 08:00:00,F6031,118.113,24.331,5.708732407440986
2017-09-20 20:00:00,2017-09-27 08:00:00,F6031,118.113,24.331,5.924684028468505
2017-09-21 20:00:00,2017-09-28 08:00:00,F6031,118.113,24.331,10.221905855574107
2017-09-22 20:00:00,2017-09-29 08:00:00,F6031,118.113,24.331,9.37186263449751
2017-09-23 20:00:00,2017-09-30 08:00:00,F6031,118.113,24.331,6.412177997053912
2017-09-24 20:00:00,2017-10-01 08:00:00,F6031,118.113,24.331,7.050000537911853
2017-09-25 20:00:00,2017-10-02 08:00:00,F6031,118.113,24.331,3.384917407449755
2017-09-26 20:00:00,2017-10-03 08:00:00,F6031,118.113,24.331,9.692982243206071
2017-09-27 20:00:00,2017-10-04 08:00:00,F6031,118.113,24.331,10.253119183008263
2017-09-28 20:00:00,2017-10-05 08:00:00,F6031,118.113,24.331,9.833107014738507
2017-09-29 20:00:00,2017-10-06 08:00:00,F6031,118.113,24.331,7.669953991222112
2017-09-30 20:00:00,2017-10-07 08:00:00,F6031,118.113,24.331,10.293443347047155
2017-10-01 20:00:00,2017-10-08 08:00:00,F6031,118.113,24.331,10.542376009951193
2017-10-02 20:00:00,2017-10-09 08:00:00,F6031,118.113,24.331,4.926652860961198
2017-10-03 20:00:00,2017-10-10 08:00:00,F6031,118.113,24.331,9.086630689190047
2017-10-04 20:00:00,2017-10-11 08:00:00,F6031,118.113,24.331,7.08398288349054
2017-10-05 20:00:00,2017-10-12 08:00:00,F6031,118.113,24.331,7.457432196167402
2017-10-06 20:00:00,2017-10-13 08:00:00,F6031,118.113,24.331,12.492838121561382
2017-10-07 20:00:00,2017-10-14 08:00:00,F6031,118.113,24.331,8.376980073729253
2017-10-08 20:00:00,2017-10-15 08:00:00,F6031,118.113,24.331,8.117467663246504
2017-10-09 20:00:00,2017-10-16 08:00:00,F6031,118.113,24.331,9.579365762141931
2017-10-10 20:00:00,2017-10-17 08:00:00,F6031,118.113,24.331,11.920715433265624
2017-10-11 20:00:00,2017-10-18 08:00:00,F6031,118.113,24.331,10.031800019629692
2017-10-12 20:00:00,2017-10-19 08:00:00,F6031,118.113,24.331,9.429256184208354
2017-10-13 20:00:00,2017-10-20 08:00:00,F6031,118.113,24.331,10.872377978661618
2017-10-14 20:00:00,2017-10-21 08:00:00,F6031,118.113,24.331,9.73797130215873
2017-10-15 20:00:00,2017-10-22 08:00:00,F6031,118.113,24.331,5.71188421642971
2017-10-16 20:00:00,2017-10-23 08:00:00,F6031,118.113,24.331,9.038416426566654
2017-10-17 20:00:00,2017-10-24 08:00:00,F6031,118.113,24.331,8.701678621750728
2017-10-18 20:00:00,2017-10-25 08:00:00,F6031,118.113,24.331,10.611460607119762
2017-10-19 20:00:00,2017-10-26 08:00:00,F6031,118.113,24.331,10.46926539431115
2017-10-20 20:00:00,2017-10-27 08:00:00,F6031,118.113,24.331,8.132357284655546
2017-10-21 20:00:00,2017-10-28 08:00:00,F6031,118.113,24.331,7.738388007670263
2017-10-22 20:00:00,2017-10-29 08:00:00,F6031,118.113,24.331,10.596887056053378
2017-10-23 20:00:00,2017-10-30 08:00:00,F6031,118.113,24.331,12.77646433361313
2017-10-24 20:00:00,2017-10-31 08:00:00,F6031,118.113,24.331,8.840340159623793
2017-10-25 20:00:00,2017-11-01 08:00:00,F6031,118.113,24.331,7.278231781184727
2017-10-26 20:00:00,2017-11-02 08:00:00,F6031,118.113,24.331,7.027393721348785
2017-10-27 20:00:00,2017-11-03 08:00:00,F6031,118.113,24.331,12.89812869903528
2017-10-28 20:00:00,2017-11-04 08:00:00,F6031,118.113,24.331,12.258158687398787
2017-10-30 20:00:00,2017-11-06 08:00:00,F6031,118.113,24.331,6.024594855530085
2017-10-31 20:00:00,2017-11-07 08:00:00,F6031,118.113,24.331,4.84017379441622
2017-11-01 20:00:00,2017-11-08 08:00:00,F6031,118.113,24.331,9.627449638775513
2017-11-02 20:00:00,2017-11-09 08:00:00,F6031,118.113,24.331,8.527027482240662
2017-11-03 20:00:00,2017-11-10 08:00:00,F6031,118.113,24.331,5.333573750623037
2017-11-04 20:00:00,2017-11-11 08:00:00,F6031,118.113,24.331,8.752451761993708
2017-11-05 20:00:00,2017-11-12 08:00:00,F6031,118.113,24.331,7.556276548015598
2017-11-06 20:00:00,2017-11-13 08:00:00,F6031,118.113,24.331,4.666714125233021
2017-11-07 20:00:00,2017-11-14 08:00:00,F6031,118.113,24.331,9.667950376034057
2017-11-08 20:00:00,2017-11-15 08:00:00,F6031,118.113,24.331,8.426901524963048
2017-11-09 20:00:00,2017-11-16 08:00:00,F6031,118.113,24.331,7.072694946115298
2017-11-10 20:00:00,2017-11-17 08:00:00,F6031,118.113,24.331,4.094706300194052
2017-11-11 20:00:00,2017-11-18 08:00:00,F6031,118.113,24.331,11.82164693524796
2017-11-12 20:00:00,2017-11-19 08:00:00,F6031,118.113,24.331,8.796518100237359
2017-11-13 20:00:00,2017-11-20 08:00:00,F6031,118.113,24.331,4.796596957124027
2017-11-14 20:00:00,2017-11-21 08:00:00,F6031,118.113,24.331,7.594120106489793
2017-11-15 20:00:00,2017-11-22 08:00:00,F6031,118.113,24.331,8.827983399275038
2017-11-16 20:00:00,2017-11-23 08:00:00,F6031,118.113,24.331,9.569222631527767
2017-12-01 20:00:00,2017-12-08 08:00:00,F6031,118.113,24.331,8.453388201044152
2017-12-02 20:00:00,2017-12-09 08:00:00,F6031,118.113,24.331,10.615203396123187
2017-12-03 20:00:00,2017-12-10 08:00:00,F6031,118.113,24.331,3.0476195127757615
2017-12-04 20:00:00,2017-12-11 08:00:00,F6031,118.113,24.331,10.384645824529724
2017-12-05 20:00:00,2017-12-12 08:00:00,F6031,118.113,24.331,10.710332673235557
2017-12-06 20:00:00,2017-12-13 08:00:00,F6031,118.113,24.331,4.739801020770441
2017-12-07 20:00:00,2017-12-14 08:00:00,F6031,118.113,24.331,9.48735516705452
2017-12-08 20:00:00,2017-12-15 08:00:00,F6031,118.113,24.331,5.552086978819853
2017-12-09 20:00:00,2017-12-16 08:00:00,F6031,118.113,24.331,8.337249071536403
2017-12-10 20:00:00,2017-12-17 08:00:00,F6031,118.113,24.331,11.249371809431
2017-12-11 20:00:00,2017-12-18 08:00:00,F6031,118.113,24.331,9.969641189312439
2017-12-12 20:00:00,2017-12-19 08:00:00,F6031,118.113,24.331,9.696893322973311
2017-12-13 20:00:00,2017-12-20 08:00:00,F6031,118.113,24.331,9.94411797271916
2017-12-14 20:00:00,2017-12-21 08:00:00,F6031,118.113,24.331,8.384535249112844
2017-12-15 20:00:00,2017-12-22 08:00:00,F6031,118.113,24.331,7.795642005445178
2017-12-16 20:00:00,2017-12-23 08:00:00,F6031,118.113,24.331,2.8432850503130056
2017-12-17 20:00:00,2017-12-24 08:00:00,F6031,118.113,24.331,5.180391443994954
2017-12-18 20:00:00,2017-12-25 08:00:00,F6031,118.113,24.331,10.058888211188
2017-12-19 20:00:00,2017-12-26 08:00:00,F6031,118.113,24.331,9.746541277837016
2017-12-20 20:00:00,2017-12-27 08:00:00,F6031,118.113,24.331,6.962467469686666
2017-12-21 20:00:00,2017-12-28 08:00:00,F6031,118.113,24.331,6.853621914250795
2017-12-22 20:00:00,2017-12-29 08:00:00,F6031,118.113,24.331,8.74570814493352
2017-12-23 20:00:00,2017-12-30 08:00:00,F6031,118.113,24.331,6.487962026548978
2017-12-24 20:00:00,2017-12-31 08:00:00,F6031,118.113,24.331,9.578153078873015
2017-12-25 20:00:00,2018-01-01 08:00:00,F6031,118.113,24.331,8.711136726678951
2017-12-26 20:00:00,2018-01-02 08:00:00,F6031,118.113,24.331,9.540884816280325
2017-12-27 20:00:00,2018-01-03 08:00:00,F6031,118.113,24.331,7.2573420869156875
2017-12-28 20:00:00,2018-01-04 08:00:00,F6031,118.113,24.331,2.3598186963743872
2017-12-29 20:00:00,2018-01-05 08:00:00,F6031,118.113,24.331,8.803610377889159
2017-12-30 20:00:00,2018-01-06 08:00:00,F6031,118.113,24.331,6.917991995004253
2017-12-31 20:00:00,2018-01-07 08:00:00,F6031,118.113,24.331,3.3346342587242
2018-01-01 20:00:00,2018-01-08 08:00:00,F6031,118.113,24.331,6.955031270608509
2018-01-02 20:00:00,2018-01-09 08:00:00,F6031,118.113,24.331,7.61016432856575
2018-01-03 20:00:00,2018-01-10 08:00:00,F6031,118.113,24.331,7.499441141657147
2018-01-04 20:00:00,2018-01-11 08:00:00,F6031,118.113,24.331,9.126389634451412
2018-01-05 20:00:00,2018-01-12 08:00:00,F6031,118.113,24.331,9.153828251544383
2018-01-06 20:00:00,2018-01-13 08:00:00,F6031,118.113,24.331,8.716507282977718
2018-01-07 20:00:00,2018-01-14 08:00:00,F6031,118.113,24.331,5.0157383552837365
2018-01-08 20:00:00,2018-01-15 08:00:00,F6031,118.113,24.331,6.195110273423633
2018-01-09 20:00:00,2018-01-16 08:00:00,F6031,118.113,24.331,1.4869475616299659
2018-01-10 20:00:00,2018-01-17 08:00:00,F6031,118.113,24.331,2.86534493252707
2018-01-11 20:00:00,2018-01-18 08:00:00,F6031,118.113,24.331,6.536684243206075
2018-01-12 20:00:00,2018-01-19 08:00:00,F6031,118.113,24.331,7.9689106555290214
2018-01-13 20:00:00,2018-01-20 08:00:00,F6031,118.113,24.331,6.563357118044455
2018-01-14 20:00:00,2018-01-21 08:00:00,F6031,118.113,24.331,2.6727092794914338
2018-01-15 20:00:00,2018-01-22 08:00:00,F6031,118.113,24.331,7.46356800919563
2018-01-16 20:00:00,2018-01-23 08:00:00,F6031,118.113,24.331,7.7503635759812735
2018-01-17 20:00:00,2018-01-24 08:00:00,F6031,118.113,24.331,8.264213868460176
2018-01-18 20:00:00,2018-01-25 08:00:00,F6031,118.113,24.331,9.191592789667377
2018-01-19 20:00:00,2018-01-26 08:00:00,F6031,118.113,24.331,10.025951392913132
2018-01-21 20:00:00,2018-01-28 08:00:00,F6031,118.113,24.331,6.165641426833631
2018-01-22 20:00:00,2018-01-29 08:00:00,F6031,118.113,24.331,9.498647212564366
2018-01-23 20:00:00,2018-01-30 08:00:00,F6031,118.113,24.331,9.26161241108924
2018-01-24 20:00:00,2018-01-31 08:00:00,F6031,118.113,24.331,4.048044345999736
2018-01-25 20:00:00,2018-02-01 08:00:00,F6031,118.113,24.331,8.391493708227753
2018-01-26 20:00:00,2018-02-02 08:00:00,F6031,118.113,24.331,8.131032422948861
2018-01-27 20:00:00,2018-02-03 08:00:00,F6031,118.113,24.331,9.016319800340927
2018-01-28 20:00:00,2018-02-04 08:00:00,F6031,118.113,24.331,10.094584395267896
2018-01-29 20:00:00,2018-02-05 08:00:00,F6031,118.113,24.331,8.317024271680689
2018-01-30 20:00:00,2018-02-06 08:00:00,F6031,118.113,24.331,8.618480521970495
2018-01-31 20:00:00,2018-02-07 08:00:00,F6031,118.113,24.331,8.368712196012737
2018-02-01 20:00:00,2018-02-08 08:00:00,F6031,118.113,24.331,10.305117557297512
2018-02-02 20:00:00,2018-02-09 08:00:00,F6031,118.113,24.331,2.9806565123149733
2018-02-03 20:00:00,2018-02-10 08:00:00,F6031,118.113,24.331,7.086438240328777
2018-02-04 20:00:00,2018-02-11 08:00:00,F6031,118.113,24.331,7.562902033735334
2018-02-05 20:00:00,2018-02-12 08:00:00,F6031,118.113,24.331,6.1940250952445695
2018-02-06 20:00:00,2018-02-13 08:00:00,F6031,118.113,24.331,3.5028396235432684
2018-02-07 20:00:00,2018-02-14 08:00:00,F6031,118.113,24.331,3.5189852273891256
2018-02-08 20:00:00,2018-02-15 08:00:00,F6031,118.113,24.331,4.336415380048082
2018-02-09 20:00:00,2018-02-16 08:00:00,F6031,118.113,24.331,6.1441942637141125
2018-02-10 20:00:00,2018-02-17 08:00:00,F6031,118.113,24.331,5.294933907044945
2018-02-11 20:00:00,2018-02-18 08:00:00,F6031,118.113,24.331,4.332420687221301
2018-02-12 20:00:00,2018-02-19 08:00:00,F6031,118.113,24.331,5.43906404469304
2018-02-13 20:00:00,2018-02-20 08:00:00,F6031,118.113,24.331,8.684760131069751
2018-02-14 20:00:00,2018-02-21 08:00:00,F6031,118.113,24.331,7.644869861257463
2018-02-15 20:00:00,2018-02-22 08:00:00,F6031,118.113,24.331,6.738142792623164
2018-02-16 20:00:00,2018-02-23 08:00:00,F6031,118.113,24.331,6.800978754262784
2018-02-17 20:00:00,2018-02-24 08:00:00,F6031,118.113,24.331,3.209281439475708
2018-02-18 20:00:00,2018-02-25 08:00:00,F6031,118.113,24.331,7.220715732895626
2018-02-19 20:00:00,2018-02-26 08:00:00,F6031,118.113,24.331,9.207003377437566
2018-02-20 20:00:00,2018-02-27 08:00:00,F6031,118.113,24.331,3.519382729630036
2018-02-21 20:00:00,2018-02-28 08:00:00,F6031,118.113,24.331,3.223181899164417
2018-02-22 20:00:00,2018-03-01 08:00:00,F6031,118.113,24.331,5.920389165865721
2018-02-23 20:00:00,2018-03-02 08:00:00,F6031,118.113,24.331,2.002295105562065
2018-02-24 20:00:00,2018-03-03 08:00:00,F6031,118.113,24.331,5.5644642000728775
2018-02-25 20:00:00,2018-03-04 08:00:00,F6031,118.113,24.331,5.887927009054892
2018-02-26 20:00:00,2018-03-05 08:00:00,F6031,118.113,24.331,5.789067370323332
2018-02-27 20:00:00,2018-03-06 08:00:00,F6031,118.113,24.331,7.842662805780409
2018-02-28 20:00:00,2018-03-07 08:00:00,F6031,118.113,24.331,6.686377003952588
2018-03-01 20:00:00,2018-03-08 08:00:00,F6031,118.113,24.331,6.768733265235771
2018-03-02 20:00:00,2018-03-09 08:00:00,F6031,118.113,24.331,8.345884814412832
2018-03-03 20:00:00,2018-03-10 08:00:00,F6031,118.113,24.331,7.0677017032265095
2018-03-04 20:00:00,2018-03-11 08:00:00,F6031,118.113,24.331,7.132207868424923
2018-03-05 20:00:00,2018-03-12 08:00:00,F6031,118.113,24.331,4.213627231456096
2018-03-06 20:00:00,2018-03-13 08:00:00,F6031,118.113,24.331,3.2745864355438203
2018-03-07 20:00:00,2018-03-14 08:00:00,F6031,118.113,24.331,3.6413907790290447
2018-03-08 20:00:00,2018-03-15 08:00:00,F6031,118.113,24.331,3.177571478169745
2018-03-09 20:00:00,2018-03-16 08:00:00,F6031,118.113,24.331,4.080377051578002
2018-03-10 20:00:00,2018-03-17 08:00:00,F6031,118.113,24.331,6.801731038329681
2018-03-11 20:00:00,2018-03-18 08:00:00,F6031,118.113,24.331,3.6929466828396036
2018-03-12 20:00:00,2018-03-19 08:00:00,F6031,118.113,24.331,4.409299495930392
2018-03-13 20:00:00,2018-03-20 08:00:00,F6031,118.113,24.331,2.9832309037595124
2018-03-14 20:00:00,2018-03-21 08:00:00,F6031,118.113,24.331,5.210524521552159
2018-03-15 20:00:00,2018-03-22 08:00:00,F6031,118.113,24.331,5.816165696039121
2018-03-16 20:00:00,2018-03-23 08:00:00,F6031,118.113,24.331,2.8447963739251048
2018-03-17 20:00:00,2018-03-24 08:00:00,F6031,118.113,24.331,6.172389609649044
2018-03-18 20:00:00,2018-03-25 08:00:00,F6031,118.113,24.331,7.720310426718755
2018-03-19 20:00:00,2018-03-26 08:00:00,F6031,118.113,24.331,3.9967307087101256
2018-03-20 20:00:00,2018-03-27 08:00:00,F6031,118.113,24.331,3.7327634563685086
2018-03-21 20:00:00,2018-03-28 08:00:00,F6031,118.113,24.331,4.062642310103043
2018-03-22 20:00:00,2018-03-29 08:00:00,F6031,118.113,24.331,5.79063961861324
2018-03-23 20:00:00,2018-03-30 08:00:00,F6031,118.113,24.331,8.696498149781153
2018-03-24 20:00:00,2018-03-31 08:00:00,F6031,118.113,24.331,7.420410913866421
2018-03-25 20:00:00,2018-04-01 08:00:00,F6031,118.113,24.331,3.3040008990983396
2018-03-26 20:00:00,2018-04-02 08:00:00,F6031,118.113,24.331,4.027439773748502
2018-03-28 20:00:00,2018-04-04 08:00:00,F6031,118.113,24.331,3.736930699363653
2018-03-29 20:00:00,2018-04-05 08:00:00,F6031,118.113,24.331,7.188013789874915
2018-03-30 20:00:00,2018-04-06 08:00:00,F6031,118.113,24.331,10.228801945609092
2018-03-31 20:00:00,2018-04-07 08:00:00,F6031,118.113,24.331,7.15462136788839
2018-04-01 20:00:00,2018-04-08 08:00:00,F6031,118.113,24.331,6.751684845459148
2018-04-02 20:00:00,2018-04-09 08:00:00,F6031,118.113,24.331,3.5215207681011544
2018-04-03 20:00:00,2018-04-10 08:00:00,F6031,118.113,24.331,4.585452765740548
2018-04-04 20:00:00,2018-04-11 08:00:00,F6031,118.113,24.331,4.2824570098530295
2018-04-05 20:00:00,2018-04-12 08:00:00,F6031,118.113,24.331,4.9389838522282
2018-04-06 20:00:00,2018-04-13 08:00:00,F6031,118.113,24.331,6.511110029319732
2018-04-07 20:00:00,2018-04-14 08:00:00,F6031,118.113,24.331,6.592581576111004
2018-04-08 20:00:00,2018-04-15 08:00:00,F6031,118.113,24.331,9.03368133822247
2018-04-09 20:00:00,2018-04-16 08:00:00,F6031,118.113,24.331,9.05372735344811
2018-04-10 20:00:00,2018-04-17 08:00:00,F6031,118.113,24.331,3.2509736748616747
2018-04-11 20:00:00,2018-04-18 08:00:00,F6031,118.113,24.331,8.101453507558052
2018-04-12 20:00:00,2018-04-19 08:00:00,F6031,118.113,24.331,5.733072076199777
2018-04-13 20:00:00,2018-04-20 08:00:00,F6031,118.113,24.331,6.730044246639396
2018-04-14 20:00:00,2018-04-21 08:00:00,F6031,118.113,24.331,3.5497540665802654
2018-04-15 20:00:00,2018-04-22 08:00:00,F6031,118.113,24.331,2.143660008879185
2018-04-16 20:00:00,2018-04-23 08:00:00,F6031,118.113,24.331,6.702125454403553
2018-04-17 20:00:00,2018-04-24 08:00:00,F6031,118.113,24.331,7.786573982619305
2018-04-18 20:00:00,2018-04-25 08:00:00,F6031,118.113,24.331,6.715131808927692
2018-04-19 20:00:00,2018-04-26 08:00:00,F6031,118.113,24.331,7.089227987707393
2018-04-20 20:00:00,2018-04-27 08:00:00,F6031,118.113,24.331,4.6771334445275565
2018-04-21 20:00:00,2018-04-28 08:00:00,F6031,118.113,24.331,4.829359630014037
2018-04-22 20:00:00,2018-04-29 08:00:00,F6031,118.113,24.331,5.0419162400724336
2018-04-23 20:00:00,2018-04-30 08:00:00,F6031,118.113,24.331,4.851738725165307
2018-04-24 20:00:00,2018-05-01 08:00:00,F6031,118.113,24.331,5.934022775539376
2018-04-25 20:00:00,2018-05-02 08:00:00,F6031,118.113,24.331,7.444412301430337
2018-04-26 20:00:00,2018-05-03 08:00:00,F6031,118.113,24.331,9.808556399540393
2018-04-27 20:00:00,2018-05-04 08:00:00,F6031,118.113,24.331,10.001758174030801
2018-04-28 20:00:00,2018-05-05 08:00:00,F6031,118.113,24.331,5.406172183721226
2018-04-29 20:00:00,2018-05-06 08:00:00,F6031,118.113,24.331,7.348093051923232
2018-04-30 20:00:00,2018-05-07 08:00:00,F6031,118.113,24.331,7.825733325839487
2018-05-01 20:00:00,2018-05-08 08:00:00,F6031,118.113,24.331,7.018687266161562
2018-05-02 20:00:00,2018-05-09 08:00:00,F6031,118.113,24.331,8.063916266876923
2018-05-03 20:00:00,2018-05-10 08:00:00,F6031,118.113,24.331,5.907109119503082
2018-05-04 20:00:00,2018-05-11 08:00:00,F6031,118.113,24.331,3.951931010272888
2018-05-05 20:00:00,2018-05-12 08:00:00,F6031,118.113,24.331,5.1373461869126125
2018-05-06 20:00:00,2018-05-13 08:00:00,F6031,118.113,24.331,6.121983439414991
2018-05-07 20:00:00,2018-05-14 08:00:00,F6031,118.113,24.331,6.848767782263532
2018-05-08 20:00:00,2018-05-15 08:00:00,F6031,118.113,24.331,7.1607473753950925
2018-05-09 20:00:00,2018-05-16 08:00:00,F6031,118.113,24.331,8.415425723179629
2018-05-10 20:00:00,2018-05-17 08:00:00,F6031,118.113,24.331,7.620129916171018
2018-05-11 20:00:00,2018-05-18 08:00:00,F6031,118.113,24.331,6.537975528424015
2018-05-12 20:00:00,2018-05-19 08:00:00,F6031,118.113,24.331,7.144103790557178
2018-05-13 20:00:00,2018-05-20 08:00:00,F6031,118.113,24.331,8.653983891419237
2018-05-14 20:00:00,2018-05-21 08:00:00,F6031,118.113,24.331,8.64053632292166
2018-05-15 20:00:00,2018-05-22 08:00:00,F6031,118.113,24.331,7.789834928331777
2018-05-16 20:00:00,2018-05-23 08:00:00,F6031,118.113,24.331,4.373728814199303
2018-05-17 20:00:00,2018-05-24 08:00:00,F6031,118.113,24.331,4.6380900545061365
2018-05-18 20:00:00,2018-05-25 08:00:00,F6031,118.113,24.331,5.720715987964095
2018-05-19 20:00:00,2018-05-26 08:00:00,F6031,118.113,24.331,8.671458589439036
2018-05-20 20:00:00,2018-05-27 08:00:00,F6031,118.113,24.331,6.451740669905862
2018-05-21 20:00:00,2018-05-28 08:00:00,F6031,118.113,24.331,4.611733402891974
2018-05-22 20:00:00,2018-05-29 08:00:00,F6031,118.113,24.331,3.4632521840755968
2018-05-23 20:00:00,2018-05-30 08:00:00,F6031,118.113,24.331,6.991830334690857
2018-05-24 20:00:00,2018-05-31 08:00:00,F6031,118.113,24.331,4.562015012172981
2018-05-25 20:00:00,2018-06-01 08:00:00,F6031,118.113,24.331,7.612760914100993
2018-05-26 20:00:00,2018-06-02 08:00:00,F6031,118.113,24.331,6.556798998562642
2018-05-27 20:00:00,2018-06-03 08:00:00,F6031,118.113,24.331,3.5861432241901467
2018-05-28 20:00:00,2018-06-04 08:00:00,F6031,118.113,24.331,5.898913503763676
2018-05-29 20:00:00,2018-06-05 08:00:00,F6031,118.113,24.331,4.48938675434357
2018-05-30 20:00:00,2018-06-06 08:00:00,F6031,118.113,24.331,2.433157914621013
2018-05-31 20:00:00,2018-06-07 08:00:00,F6031,118.113,24.331,7.689495919302657
2018-06-01 20:00:00,2018-06-08 08:00:00,F6031,118.113,24.331,4.843251314938426
2018-06-02 20:00:00,2018-06-09 08:00:00,F6031,118.113,24.331,5.070220759974502
2018-06-03 20:00:00,2018-06-10 08:00:00,F6031,118.113,24.331,6.02455227249584
2018-06-04 20:00:00,2018-06-11 08:00:00,F6031,118.113,24.331,4.35519159063018
2018-06-05 20:00:00,2018-06-12 08:00:00,F6031,118.113,24.331,8.056917852168086
2018-06-06 20:00:00,2018-06-13 08:00:00,F6031,118.113,24.331,8.040332535206742
2018-06-07 20:00:00,2018-06-14 08:00:00,F6031,118.113,24.331,4.618580919754729
2018-06-08 20:00:00,2018-06-15 08:00:00,F6031,118.113,24.331,9.613660074832302
2018-06-09 20:00:00,2018-06-16 08:00:00,F6031,118.113,24.331,8.343145561474296
2018-06-10 20:00:00,2018-06-17 08:00:00,F6031,118.113,24.331,3.3285531681859446
2018-06-11 20:00:00,2018-06-18 08:00:00,F6031,118.113,24.331,7.2799162208614305
2018-06-12 20:00:00,2018-06-19 08:00:00,F6031,118.113,24.331,8.540846542374906
2018-06-13 20:00:00,2018-06-20 08:00:00,F6031,118.113,24.331,7.6126575817455135
2018-06-14 20:00:00,2018-06-21 08:00:00,F6031,118.113,24.331,8.984378457318424
2018-06-15 20:00:00,2018-06-22 08:00:00,F6031,118.113,24.331,8.394614205492005
2018-06-16 20:00:00,2018-06-23 08:00:00,F6031,118.113,24.331,6.176496828443821
2018-06-17 20:00:00,2018-06-24 08:00:00,F6031,118.113,24.331,5.002448158660653
2018-06-18 20:00:00,2018-06-25 08:00:00,F6031,118.113,24.331,5.787025331915157
2018-06-19 20:00:00,2018-06-26 08:00:00,F6031,118.113,24.331,7.010918544416845
2018-06-20 20:00:00,2018-06-27 08:00:00,F6031,118.113,24.331,7.349636969669148
2018-06-21 20:00:00,2018-06-28 08:00:00,F6031,118.113,24.331,7.769266518033621
2018-06-22 20:00:00,2018-06-29 08:00:00,F6031,118.113,24.331,7.645852091700642
2018-06-23 20:00:00,2018-06-30 08:00:00,F6031,118.113,24.331,6.621555108779537
2018-06-24 20:00:00,2018-07-01 08:00:00,F6031,118.113,24.331,8.192424556655522
2018-06-25 20:00:00,2018-07-02 08:00:00,F6031,118.113,24.331,6.97094652822658
2018-06-26 20:00:00,2018-07-03 08:00:00,F6031,118.113,24.331,7.406179244903075
2018-06-27 20:00:00,2018-07-04 08:00:00,F6031,118.113,24.331,7.6397833721789565
2018-06-28 20:00:00,2018-07-05 08:00:00,F6031,118.113,24.331,7.871994299369859
2018-06-29 20:00:00,2018-07-06 08:00:00,F6031,118.113,24.331,7.663214871368346
2018-06-30 20:00:00,2018-07-07 08:00:00,F6031,118.113,24.331,7.131328830069629
2018-07-01 20:00:00,2018-07-08 08:00:00,F6031,118.113,24.331,6.348288490045389
2018-07-02 20:00:00,2018-07-09 08:00:00,F6031,118.113,24.331,6.055259506270058
2018-07-03 20:00:00,2018-07-10 08:00:00,F6031,118.113,24.331,5.039336693265653
2018-07-04 20:00:00,2018-07-11 08:00:00,F6031,118.113,24.331,5.043998035795171
2018-07-05 20:00:00,2018-07-12 08:00:00,F6031,118.113,24.331,6.071037848780601
2018-07-06 20:00:00,2018-07-13 08:00:00,F6031,118.113,24.331,4.298994026244416
2018-07-07 20:00:00,2018-07-14 08:00:00,F6031,118.113,24.331,6.031213602739147
2018-07-08 20:00:00,2018-07-15 08:00:00,F6031,118.113,24.331,5.753695356227842
2018-07-09 20:00:00,2018-07-16 08:00:00,F6031,118.113,24.331,6.875979217752582
2018-07-10 20:00:00,2018-07-17 08:00:00,F6031,118.113,24.331,7.162267384566865
2018-07-11 20:00:00,2018-07-18 08:00:00,F6031,118.113,24.331,8.4320639298933
2018-07-12 20:00:00,2018-07-19 08:00:00,F6031,118.113,24.331,11.145353876592074
2018-07-13 20:00:00,2018-07-20 08:00:00,F6031,118.113,24.331,6.979979994633237
2018-07-14 20:00:00,2018-07-21 08:00:00,F6031,118.113,24.331,3.795601792955096
2018-07-15 20:00:00,2018-07-22 08:00:00,F6031,118.113,24.331,7.531031824872028
2018-07-16 20:00:00,2018-07-23 08:00:00,F6031,118.113,24.331,7.559131414696657
2018-07-17 20:00:00,2018-07-24 08:00:00,F6031,118.113,24.331,6.9236266003704365
2018-07-18 20:00:00,2018-07-25 08:00:00,F6031,118.113,24.331,4.890135863499827
2018-07-19 20:00:00,2018-07-26 08:00:00,F6031,118.113,24.331,4.048748464923646
2018-07-20 20:00:00,2018-07-27 08:00:00,F6031,118.113,24.331,3.5577086408747136
2018-07-21 20:00:00,2018-07-28 08:00:00,F6031,118.113,24.331,3.947047852148331
2018-07-22 20:00:00,2018-07-29 08:00:00,F6031,118.113,24.331,5.2168571588278025
2018-07-23 20:00:00,2018-07-30 08:00:00,F6031,118.113,24.331,5.8465391948011645
2018-07-24 20:00:00,2018-07-31 08:00:00,F6031,118.113,24.331,4.790511535855817
2018-07-25 20:00:00,2018-08-01 08:00:00,F6031,118.113,24.331,5.3887930328622495
2018-07-26 20:00:00,2018-08-02 08:00:00,F6031,118.113,24.331,6.042594186695872
2018-07-27 20:00:00,2018-08-03 08:00:00,F6031,118.113,24.331,2.214466485841424
2018-07-28 20:00:00,2018-08-04 08:00:00,F6031,118.113,24.331,3.4310357524404744
2018-07-29 20:00:00,2018-08-05 08:00:00,F6031,118.113,24.331,4.175033291699018
2018-07-30 20:00:00,2018-08-06 08:00:00,F6031,118.113,24.331,4.098036460227726
2018-07-31 20:00:00,2018-08-07 08:00:00,F6031,118.113,24.331,7.254838234808631
2018-08-01 20:00:00,2018-08-08 08:00:00,F6031,118.113,24.331,7.372905110516263
2018-08-02 20:00:00,2018-08-09 08:00:00,F6031,118.113,24.331,3.4717043232040408
2018-08-03 20:00:00,2018-08-10 08:00:00,F6031,118.113,24.331,3.7925778546924884
2018-08-04 20:00:00,2018-08-11 08:00:00,F6031,118.113,24.331,3.7577249358784215
2018-08-05 20:00:00,2018-08-12 08:00:00,F6031,118.113,24.331,4.339296794153707
2018-08-06 20:00:00,2018-08-13 08:00:00,F6031,118.113,24.331,6.742214551966448
2018-08-07 20:00:00,2018-08-14 08:00:00,F6031,118.113,24.331,4.234865990015576
2018-08-08 20:00:00,2018-08-15 08:00:00,F6031,118.113,24.331,9.718364559293963
2018-08-09 20:00:00,2018-08-16 08:00:00,F6031,118.113,24.331,7.303388968824708
2018-08-10 20:00:00,2018-08-17 08:00:00,F6031,118.113,24.331,8.263578397173221
2018-08-11 20:00:00,2018-08-18 08:00:00,F6031,118.113,24.331,7.916090303446152
2018-08-12 20:00:00,2018-08-19 08:00:00,F6031,118.113,24.331,7.678863011094612
2018-08-13 20:00:00,2018-08-20 08:00:00,F6031,118.113,24.331,7.037426729268477
2018-08-14 20:00:00,2018-08-21 08:00:00,F6031,118.113,24.331,6.594824288105088
2018-08-15 20:00:00,2018-08-22 08:00:00,F6031,118.113,24.331,6.206495985913597
2018-08-16 20:00:00,2018-08-23 08:00:00,F6031,118.113,24.331,5.043941801432918
2018-08-17 20:00:00,2018-08-24 08:00:00,F6031,118.113,24.331,2.4050377909805425
2018-08-18 20:00:00,2018-08-25 08:00:00,F6031,118.113,24.331,5.242116930606951
2018-08-19 20:00:00,2018-08-26 08:00:00,F6031,118.113,24.331,5.909587985311098
2018-08-20 20:00:00,2018-08-27 08:00:00,F6031,118.113,24.331,9.491109632710812
2018-08-21 20:00:00,2018-08-28 08:00:00,F6031,118.113,24.331,7.378079208848687
2018-08-22 20:00:00,2018-08-29 08:00:00,F6031,118.113,24.331,1.88062607342632
2018-08-23 20:00:00,2018-08-30 08:00:00,F6031,118.113,24.331,8.769451860618933
2018-08-24 20:00:00,2018-08-31 08:00:00,F6031,118.113,24.331,3.2161587591004426
2018-08-25 20:00:00,2018-09-01 08:00:00,F6031,118.113,24.331,4.2337612912365845
2018-08-26 20:00:00,2018-09-02 08:00:00,F6031,118.113,24.331,3.9126962100053935
2018-08-27 20:00:00,2018-09-03 08:00:00,F6031,118.113,24.331,2.993745142275732
2018-08-28 20:00:00,2018-09-04 08:00:00,F6031,118.113,24.331,4.551992877257642
2018-08-29 20:00:00,2018-09-05 08:00:00,F6031,118.113,24.331,3.4221655963064985
2018-08-30 20:00:00,2018-09-06 08:00:00,F6031,118.113,24.331,5.009240348892903
2018-08-31 20:00:00,2018-09-07 08:00:00,F6031,118.113,24.331,5.0920469309448775
2018-09-01 20:00:00,2018-09-08 08:00:00,F6031,118.113,24.331,4.3985095456684835
2018-09-02 20:00:00,2018-09-09 08:00:00,F6031,118.113,24.331,9.521499967423509
2018-09-03 20:00:00,2018-09-10 08:00:00,F6031,118.113,24.331,8.775960494559442
2018-09-04 20:00:00,2018-09-11 08:00:00,F6031,118.113,24.331,6.898495184504421
2018-09-05 20:00:00,2018-09-12 08:00:00,F6031,118.113,24.331,3.0152703123716806
2018-09-06 20:00:00,2018-09-13 08:00:00,F6031,118.113,24.331,2.5497106870786057
2018-09-07 20:00:00,2018-09-14 08:00:00,F6031,118.113,24.331,4.2908757528964285
2018-09-08 20:00:00,2018-09-15 08:00:00,F6031,118.113,24.331,10.51400645712012
2018-09-09 20:00:00,2018-09-16 08:00:00,F6031,118.113,24.331,6.937672803889967
2018-09-10 20:00:00,2018-09-17 08:00:00,F6031,118.113,24.331,4.038070918102007
2018-09-11 20:00:00,2018-09-18 08:00:00,F6031,118.113,24.331,2.7893292355880344
2018-09-12 20:00:00,2018-09-19 08:00:00,F6031,118.113,24.331,5.7130454799514245
2018-09-13 20:00:00,2018-09-20 08:00:00,F6031,118.113,24.331,3.147428081098642
2018-09-14 20:00:00,2018-09-21 08:00:00,F6031,118.113,24.331,4.520538868585001
2018-09-15 20:00:00,2018-09-22 08:00:00,F6031,118.113,24.331,4.2072353020298925
2018-09-16 20:00:00,2018-09-23 08:00:00,F6031,118.113,24.331,6.580116147346443
2018-09-17 20:00:00,2018-09-24 08:00:00,F6031,118.113,24.331,9.751999010399837
2018-09-18 20:00:00,2018-09-25 08:00:00,F6031,118.113,24.331,8.633455282790445
2018-09-19 20:00:00,2018-09-26 08:00:00,F6031,118.113,24.331,7.783842685485423
2018-09-20 20:00:00,2018-09-27 08:00:00,F6031,118.113,24.331,4.03947062588917
2018-09-21 20:00:00,2018-09-28 08:00:00,F6031,118.113,24.331,4.5376407307649576
2018-09-22 20:00:00,2018-09-29 08:00:00,F6031,118.113,24.331,11.315192112303386
2018-09-23 20:00:00,2018-09-30 08:00:00,F6031,118.113,24.331,5.596395324533788
2018-09-24 20:00:00,2018-10-01 08:00:00,F6031,118.113,24.331,7.084055978755753
2018-09-25 20:00:00,2018-10-02 08:00:00,F6031,118.113,24.331,9.413594902536273
2018-09-26 20:00:00,2018-10-03 08:00:00,F6031,118.113,24.331,9.829927855206074
2018-09-27 20:00:00,2018-10-04 08:00:00,F6031,118.113,24.331,9.45499454474542
2018-09-28 20:00:00,2018-10-05 08:00:00,F6031,118.113,24.331,4.497635449285517
2018-09-29 20:00:00,2018-10-06 08:00:00,F6031,118.113,24.331,11.693346210591296
2018-10-01 20:00:00,2018-10-08 08:00:00,F6031,118.113,24.331,8.986499948819565
2018-10-02 20:00:00,2018-10-09 08:00:00,F6031,118.113,24.331,6.873596741926033
2018-10-03 20:00:00,2018-10-10 08:00:00,F6031,118.113,24.331,8.725651697159734
2018-10-05 20:00:00,2018-10-12 08:00:00,F6031,118.113,24.331,9.767181305204172
2018-10-06 20:00:00,2018-10-13 08:00:00,F6031,118.113,24.331,9.905975212434477
2018-10-07 20:00:00,2018-10-14 08:00:00,F6031,118.113,24.331,8.547381339400443
2018-10-08 20:00:00,2018-10-15 08:00:00,F6031,118.113,24.331,5.30927595953867
2018-10-09 20:00:00,2018-10-16 08:00:00,F6031,118.113,24.331,5.256361778234422
2018-10-10 20:00:00,2018-10-17 08:00:00,F6031,118.113,24.331,7.822148575210974
2018-10-11 20:00:00,2018-10-18 08:00:00,F6031,118.113,24.331,7.803824609636649
2018-10-12 20:00:00,2018-10-19 08:00:00,F6031,118.113,24.331,9.980755604867584
2018-10-13 20:00:00,2018-10-20 08:00:00,F6031,118.113,24.331,9.249167599070724
2018-10-14 20:00:00,2018-10-21 08:00:00,F6031,118.113,24.331,5.098348177611288
2018-10-15 20:00:00,2018-10-22 08:00:00,F6031,118.113,24.331,3.9633827676055113
2018-10-16 20:00:00,2018-10-23 08:00:00,F6031,118.113,24.331,3.6233924742579338
2018-10-17 20:00:00,2018-10-24 08:00:00,F6031,118.113,24.331,6.598732059696872
2018-10-18 20:00:00,2018-10-25 08:00:00,F6031,118.113,24.331,4.257723077398284
2018-10-19 20:00:00,2018-10-26 08:00:00,F6031,118.113,24.331,5.165201304276903
2018-10-20 20:00:00,2018-10-27 08:00:00,F6031,118.113,24.331,8.996567229525743
2018-10-21 20:00:00,2018-10-28 08:00:00,F6031,118.113,24.331,5.410087690220071
2018-10-22 20:00:00,2018-10-29 08:00:00,F6031,118.113,24.331,8.615743843583065
2018-10-23 20:00:00,2018-10-30 08:00:00,F6031,118.113,24.331,8.98121218374238
2018-10-28 20:00:00,2018-11-04 08:00:00,F6031,118.113,24.331,6.199834933186027
2018-11-01 20:00:00,2018-11-08 08:00:00,F6031,118.113,24.331,3.6932577754536267
2018-11-02 20:00:00,2018-11-09 08:00:00,F6031,118.113,24.331,7.8494409098277504
2018-11-03 20:00:00,2018-11-10 08:00:00,F6031,118.113,24.331,4.385866967164033
2018-11-04 20:00:00,2018-11-11 08:00:00,F6031,118.113,24.331,5.3481629997592135
2018-11-05 20:00:00,2018-11-12 08:00:00,F6031,118.113,24.331,8.162363127182982
2018-11-06 20:00:00,2018-11-13 08:00:00,F6031,118.113,24.331,8.58034445623953
2018-11-07 20:00:00,2018-11-14 08:00:00,F6031,118.113,24.331,8.682789984557829
2018-11-08 20:00:00,2018-11-15 08:00:00,F6031,118.113,24.331,7.874214467954862
2018-11-09 20:00:00,2018-11-16 08:00:00,F6031,118.113,24.331,2.229104667501876
2018-11-10 20:00:00,2018-11-17 08:00:00,F6031,118.113,24.331,2.289156823984236
2018-11-11 20:00:00,2018-11-18 08:00:00,F6031,118.113,24.331,5.48813709299886
2018-11-12 20:00:00,2018-11-19 08:00:00,F6031,118.113,24.331,9.404814643299478
2018-11-13 20:00:00,2018-11-20 08:00:00,F6031,118.113,24.331,5.7567868264318935
2018-11-14 20:00:00,2018-11-21 08:00:00,F6031,118.113,24.331,6.689683631234652
2018-11-15 20:00:00,2018-11-22 08:00:00,F6031,118.113,24.331,7.98138888976262
2018-11-16 20:00:00,2018-11-23 08:00:00,F6031,118.113,24.331,5.736985393133249
2018-11-17 20:00:00,2018-11-24 08:00:00,F6031,118.113,24.331,3.6681626714404767
2018-11-18 20:00:00,2018-11-25 08:00:00,F6031,118.113,24.331,5.353639360125304
2018-11-19 20:00:00,2018-11-26 08:00:00,F6031,118.113,24.331,4.8580960008821545
2018-11-20 20:00:00,2018-11-27 08:00:00,F6031,118.113,24.331,7.784938544422897
2018-11-21 20:00:00,2018-11-28 08:00:00,F6031,118.113,24.331,6.113143383814527
2018-11-22 20:00:00,2018-11-29 08:00:00,F6031,118.113,24.331,5.925262281412574
2018-11-23 20:00:00,2018-11-30 08:00:00,F6031,118.113,24.331,4.578210454586622
2018-11-24 20:00:00,2018-12-01 08:00:00,F6031,118.113,24.331,4.4530774650367775
2018-11-25 20:00:00,2018-12-02 08:00:00,F6031,118.113,24.331,5.04668227217264
2018-11-26 20:00:00,2018-12-03 08:00:00,F6031,118.113,24.331,1.5155044266043265
2018-11-27 20:00:00,2018-12-04 08:00:00,F6031,118.113,24.331,3.587073650593956
2018-11-28 20:00:00,2018-12-05 08:00:00,F6031,118.113,24.331,8.797040950016813
2018-11-29 20:00:00,2018-12-06 08:00:00,F6031,118.113,24.331,1.3982094404975167
2018-11-30 20:00:00,2018-12-07 08:00:00,F6031,118.113,24.331,11.997155167342036
2018-12-01 20:00:00,2018-12-08 08:00:00,F6031,118.113,24.331,9.000632459436954
2018-12-02 20:00:00,2018-12-09 08:00:00,F6031,118.113,24.331,8.563038893369155
2018-12-03 20:00:00,2018-12-10 08:00:00,F6031,118.113,24.331,8.320467827967747
2018-12-05 20:00:00,2018-12-12 08:00:00,F6031,118.113,24.331,10.48540709632089
2018-12-06 20:00:00,2018-12-13 08:00:00,F6031,118.113,24.331,8.509189593627394
2018-12-08 20:00:00,2018-12-15 08:00:00,F6031,118.113,24.331,4.883926951427279
2018-12-09 20:00:00,2018-12-16 08:00:00,F6031,118.113,24.331,7.149839109906044
2018-12-10 20:00:00,2018-12-17 08:00:00,F6031,118.113,24.331,6.611226724725063
2018-12-11 20:00:00,2018-12-18 08:00:00,F6031,118.113,24.331,6.857035399113394
2018-12-12 20:00:00,2018-12-19 08:00:00,F6031,118.113,24.331,2.531068790152084
2018-12-13 20:00:00,2018-12-20 08:00:00,F6031,118.113,24.331,3.0560808006403057
2018-12-14 20:00:00,2018-12-21 08:00:00,F6031,118.113,24.331,6.595946829542701
2018-12-15 20:00:00,2018-12-22 08:00:00,F6031,118.113,24.331,5.840397175643054
2018-12-16 20:00:00,2018-12-23 08:00:00,F6031,118.113,24.331,10.329926009432656
2018-12-17 20:00:00,2018-12-24 08:00:00,F6031,118.113,24.331,9.140659151704645
2018-12-18 20:00:00,2018-12-25 08:00:00,F6031,118.113,24.331,3.4624839351881205
2018-12-19 20:00:00,2018-12-26 08:00:00,F6031,118.113,24.331,8.011199816895768
2018-12-20 20:00:00,2018-12-27 08:00:00,F6031,118.113,24.331,10.536467958363568
2018-12-21 20:00:00,2018-12-28 08:00:00,F6031,118.113,24.331,12.15136230665972
2018-12-22 20:00:00,2018-12-29 08:00:00,F6031,118.113,24.331,11.614210630515672
2018-12-23 20:00:00,2018-12-30 08:00:00,F6031,118.113,24.331,8.913716013251321
2018-12-24 20:00:00,2018-12-31 08:00:00,F6031,118.113,24.331,9.695849212690671
2018-12-25 20:00:00,2019-01-01 08:00:00,F6031,118.113,24.331,10.082971501918431
2018-12-27 20:00:00,2019-01-03 08:00:00,F6031,118.113,24.331,11.035333630532888
2018-12-28 20:00:00,2019-01-04 08:00:00,F6031,118.113,24.331,4.470672355274527
2018-12-29 20:00:00,2019-01-05 08:00:00,F6031,118.113,24.331,5.846885163943252
